"","time","particle","mass","x","y","z","vx","vy","vz","p_x","p_y","p_z"
"1",0,"m1",1,0,0.5,0.3,0,0,0,0,0,0
"2",0.01,"m1",1,0,0.5,0.3,0,0,0,0,0,0
"3",0.02,"m1",1,0,0.5,0.3,0,0,0,0,0,0
"4",0.03,"m1",1,0,0.5,0.3,0,0,0,0,0,0
"5",0.04,"m1",1,0,0.5,0.3,0,0,0,0,0,0
"6",0.05,"m1",1,0,0.5,0.3,0,0,0,0,0,0
"7",0.06,"m1",1,0,0.5,0.3,0,0,0,0,0,0
"8",0.07,"m1",1,0,0.5,0.3,0,0,0,0,0,0
"9",0.08,"m1",1,0,0.5,0.3,0,0,0,0,0,0
"10",0.09,"m1",1,0,0.5,0.3,0,0,0,0,0,0
"11",0.09999999,"m1",1,0,0.5,0.3,0,0,0,0,0,0
"12",0.11,"m1",1,0,0.5,0.3,0,0,0,0,0,0
"13",0.12,"m1",1,0,0.5,0.3,0,0,0,0,0,0
"14",0.13,"m1",1,0,0.5,0.3,0,0,0,0,0,0
"15",0.14,"m1",1,0,0.5,0.3,0,0,0,0,0,0
"16",0.15,"m1",1,0,0.5,0.3,0,0,0,0,0,0
"17",0.16,"m1",1,0,0.5,0.3,0,0,0,0,0,0
"18",0.17,"m1",1,0,0.5,0.3,0,0,0,0,0,0
"19",0.18,"m1",1,0,0.5,0.3,0,0,0,0,0,0
"20",0.19,"m1",1,0,0.5,0.3,0,0,0,0,0,0
"21",0.2,"m1",1,0,0.5,0.3,0,0,0,0,0,0
"22",0.21,"m1",1,0,0.5,0.3,0,0,0,0,0,0
"23",0.22,"m1",1,0,0.5,0.3,0,0,0,0,0,0
"24",0.23,"m1",1,0,0.5,0.3,0,0,0,0,0,0
"25",0.24,"m1",1,0,0.5,0.3,0,0,0,0,0,0
"26",0.25,"m1",1,0,0.5,0.3,0,0,0,0,0,0
"27",0.26,"m1",1,0,0.5,0.3,0,0,0,0,0,0
"28",0.27,"m1",1,0,0.5,0.3,0,0,0,0,0,0
"29",0.28,"m1",1,0,0.5,0.3,0,0,0,0,0,0
"30",0.29,"m1",1,0,0.5,0.3,0,0,0,0,0,0
"31",0.3,"m1",1,0,0.5,0.3,0,0,0,0,0,0
"32",0.31,"m1",1,0,0.5,0.3,0,0,0,0,0,0
"33",0.32,"m1",1,0,0.5,0.3,0,0,0,0,0,0
"34",0.33,"m1",1,0,0.5,0.3,0,0,0,0,0,0
"35",0.34,"m1",1,0,0.5,0.3,0,0,0,0,0,0
"36",0.35,"m1",1,0,0.5,0.3,0,0,0,0,0,0
"37",0.36,"m1",1,0,0.5,0.3,0,0,0,0,0,0
"38",0.37,"m1",1,0,0.5,0.3,0,0,0,0,0,0
"39",0.38,"m1",1,0,0.5,0.3,0,0,0,0,0,0
"40",0.39,"m1",1,0,0.5,0.3,0,0,0,0,0,0
"41",0.4,"m1",1,0,0.5,0.3,0,0,0,0,0,0
"42",0.41,"m1",1,0,0.5,0.3,0,0,0,0,0,0
"43",0.42,"m1",1,0,0.5,0.3,0,0,0,0,0,0
"44",0.43,"m1",1,0,0.5,0.3,0,0,0,0,0,0
"45",0.44,"m1",1,0,0.5,0.3,0,0,0,0,0,0
"46",0.45,"m1",1,0,0.5,0.3,0,0,0,0,0,0
"47",0.46,"m1",1,0,0.5,0.3,0,0,0,0,0,0
"48",0.47,"m1",1,0,0.5,0.3,0,0,0,0,0,0
"49",0.48,"m1",1,0,0.5,0.3,0,0,0,0,0,0
"50",0.49,"m1",1,0,0.5,0.3,0,0,0,0,0,0
"51",0.5,"m1",1,0,0.5,0.3,0,0,0,0,0,0
"52",0.51,"m1",1,0,0.5,0.3,0,0,0,0,0,0
"53",0.52,"m1",1,0,0.5,0.3,0,0,0,0,0,0
"54",0.53,"m1",1,0,0.5,0.3,0,0,0,0,0,0
"55",0.54,"m1",1,0,0.5,0.3,0,0,0,0,0,0
"56",0.55,"m1",1,0,0.5,0.3,0,0,0,0,0,0
"57",0.56,"m1",1,0,0.5,0.3,0,0,0,0,0,0
"58",0.57,"m1",1,0,0.5,0.3,0,0,0,0,0,0
"59",0.58,"m1",1,0,0.5,0.3,0,0,0,0,0,0
"60",0.59,"m1",1,0,0.5,0.3,0,0,0,0,0,0
"61",0.6,"m1",1,0,0.5,0.3,0,0,0,0,0,0
"62",0.61,"m1",1,0,0.5,0.3,0,0,0,0,0,0
"63",0.62,"m1",1,0,0.5,0.3,0,0,0,0,0,0
"64",0.63,"m1",1,0,0.5,0.3,0,0,0,0,0,0
"65",0.64,"m1",1,0,0.5,0.3,0,0,0,0,0,0
"66",0.65,"m1",1,0,0.5,0.3,0,0,0,0,0,0
"67",0.66,"m1",1,0,0.5,0.3,0,0,2.646e-06,0,0,2.646e-06
"68",0.67,"m1",1,0,0.5,0.3000002,0,0,1.055479e-05,0,0,1.055479e-05
"69",0.68,"m1",1,0,0.5,0.3000003,0,0,1.303105e-05,0,0,1.303105e-05
"70",0.69,"m1",1,0,0.5,0.3000006,0,0,3.389486e-05,0,0,3.389486e-05
"71",0.7,"m1",1,0,0.5,0.300001,0,0,3.597115e-05,0,0,3.597115e-05
"72",0.71,"m1",1,0,0.5,0.3000018,0,0,7.45893e-05,0,0,7.45893e-05
"73",0.72,"m1",1,0,0.5,0.3000028,0,0,9.967895e-05,0,0,9.967895e-05
"74",0.73,"m1",1,0,0.5,0.3000042,0,0,0.000136532,0,0,0.000136532
"75",0.74,"m1",1,0,0.5,0.3000058,0,0,0.0001597474,0,0,0.0001597474
"76",0.75,"m1",1,0,0.5,0.3000081,0,0,0.000223364,0,0,0.000223364
"77",0.76,"m1",1,0,0.5,0.3000106,0,0,0.0002438961,0,0,0.0002438961
"78",0.77,"m1",1,0,0.5,0.300014,0,0,0.000338187,0,0,0.000338187
"79",0.78,"m1",1,0,0.5,0.3000177,0,0,0.0003549221,0,0,0.0003549221
"80",0.79,"m1",1,0,0.5,0.3000226,0,0,0.0004834579,0,0,0.0004834579
"81",0.8,"m1",1,0,0.5,0.3000281,0,0,0.0005399983,0,0,0.0005399983
"82",0.81,"m1",1,0,0.5,0.3000349,0,0,0.0006605642,0,0,0.0006605642
"83",0.82,"m1",1,0,0.5,0.3000426,0,0,0.0007596578,0,0,0.0007596578
"84",0.83,"m1",1,0,0.5,0.3000515,0,0,0.0008702255,0,0,0.0008702255
"85",0.84,"m1",1,0,0.5,0.3000619,0,0,0.001014217,0,0,0.001014217
"86",0.85,"m1",1,0,0.5,0.3000732,0,0,0.00111245,0,0,0.00111245
"87",0.86,"m1",1,0,0.5,0.3000865,0,0,0.001303319,0,0,0.001303319
"88",0.87,"m1",1,0,0.5,0.3001013,0,0,0.001452747,0,0,0.001452747
"89",0.88,"m1",1,0,0.5,0.3001186,0,0,0.001696772,0,0,0.001696772
"90",0.89,"m1",1,0,0.5,0.3001381,0,0,0.001903037,0,0,0.001903037
"91",0.9,"m1",1,0,0.5,0.3001606,0,0,0.002205241,0,0,0.002205241
"92",0.91,"m1",1,0,0.5,0.3001858,0,0,0.002472745,0,0,0.002472745
"93",0.92,"m1",1,0,0.5,0.3002147,0,0,0.002836899,0,0,0.002836899
"94",0.93,"m1",1,0,0.5,0.3002471,0,0,0.003168749,0,0,0.003168749
"95",0.94,"m1",1,0,0.5,0.3002838,0,0,0.003597313,0,0,0.003597313
"96",0.95,"m1",1,0,0.5,0.3003246,0,0,0.003995262,0,0,0.003995262
"97",0.96,"m1",1,0,0.5,0.3003704,0,0,0.00448936,0,0,0.00448936
"98",0.97,"m1",1,0,0.5,0.3004209,0,0,0.004953872,0,0,0.004953872
"99",0.98,"m1",1,0,0.5,0.3004759,0,0,0.00538879,0,0,0.00538879
"100",0.9899999,"m1",1,0,0.5,0.3005376,0,0,0.006044802,0,0,0.006044802
"101",1,"m1",1,0,0.5,0.300603,0,0,0.006410906,0,0,0.006410906
"102",1.01,"m1",1,0,0.5,0.3006757,0,0,0.007125267,0,0,0.007125267
"103",1.02,"m1",1,0,0.5,0.3007528,0,0,0.007553773,0,0,0.007553773
"104",1.03,"m1",1,0,0.5,0.3008377,0,0,0.00832471,0,0,0.00832471
"105",1.04,"m1",1,0,0.5,0.3009277,0,0,0.008813238,0,0,0.008813238
"106",1.05,"m1",1,0,0.5,0.3010244,0,0,0.009481279,0,0,0.009481279
"107",1.06,"m1",1,0,0.5,0.3011267,0,0,0.0100226,0,0,0.0100226
"108",1.07,"m1",1,0,0.5,0.3012346,0,0,0.01057785,0,0,0.01057785
"109",1.08,"m1",1,0,0.5,0.3013486,0,0,0.01116549,0,0,0.01116549
"110",1.09,"m1",1,0,0.5,0.3014669,0,0,0.01159895,0,0,0.01159895
"111",1.1,"m1",1,0,0.5,0.3015917,0,0,0.01222737,0,0,0.01222737
"112",1.11,"m1",1,0,0.5,0.3017219,0,0,0.01276272,0,0,0.01276272
"113",1.12,"m1",1,0,0.5,0.301859,0,0,0.01343229,0,0,0.01343229
"114",1.13,"m1",1,0,0.5,0.302002,0,0,0.01400952,0,0,0.01400952
"115",1.14,"m1",1,0,0.5,0.3021521,0,0,0.01471807,0,0,0.01471807
"116",1.15,"m1",1,0,0.5,0.3023107,0,0,0.0155363,0,0,0.0155363
"117",1.16,"m1",1,0,0.5,0.302479,0,0,0.01649686,0,0,0.01649686
"118",1.17,"m1",1,0,0.5,0.3026561,0,0,0.01735407,0,0,0.01735407
"119",1.18,"m1",1,0,0.5,0.3028433,0,0,0.01834788,0,0,0.01834788
"120",1.19,"m1",1,0,0.5,0.3030396,0,0,0.01923625,0,0,0.01923625
"121",1.2,"m1",1,0,0.5,0.3032463,0,0,0.02025541,0,0,0.02025541
"122",1.21,"m1",1,0,0.5,0.3034647,0,0,0.02141204,0,0,0.02141204
"123",1.22,"m1",1,0,0.5,0.3036938,0,0,0.02245155,0,0,0.02245155
"124",1.23,"m1",1,0,0.5,0.3039349,0,0,0.02362132,0,0,0.02362132
"125",1.24,"m1",1,0,0.5,0.3041866,0,0,0.0246706,0,0,0.0246706
"126",1.25,"m1",1,0,0.5,0.3044503,0,0,0.02584307,0,0,0.02584307
"127",1.26,"m1",1,0,0.5,0.3047247,0,0,0.02689184,0,0,0.02689184
"128",1.27,"m1",1,0,0.5,0.305011,0,0,0.02805693,0,0,0.02805693
"129",1.28,"m1",1,0,0.5,0.3053079,0,0,0.02909535,0,0,0.02909535
"130",1.29,"m1",1,0,0.5,0.3056135,0,0,0.02995363,0,0,0.02995363
"131",1.3,"m1",1,0,0.5,0.3059296,0,0,0.03096962,0,0,0.03096962
"132",1.31,"m1",1,0,0.5,0.3062541,0,0,0.03180518,0,0,0.03180518
"133",1.32,"m1",1,0,0.5,0.3065887,0,0,0.03279319,0,0,0.03279319
"134",1.33,"m1",1,0,0.5,0.3069348,0,0,0.03391362,0,0,0.03391362
"135",1.34,"m1",1,0,0.5,0.3072874,0,0,0.03455312,0,0,0.03455312
"136",1.35,"m1",1,0,0.5,0.307651,0,0,0.03563509,0,0,0.03563509
"137",1.36,"m1",1,0,0.5,0.3080208,0,0,0.03624145,0,0,0.03624145
"138",1.37,"m1",1,0,0.5,0.3084013,0,0,0.03728177,0,0,0.03728177
"139",1.38,"m1",1,0,0.5,0.3087875,0,0,0.03785219,0,0,0.03785219
"140",1.39,"m1",1,0,0.5,0.3091839,0,0,0.03884868,0,0,0.03884868
"141",1.4,"m1",1,0,0.5,0.3095858,0,0,0.0393814,0,0,0.0393814
"142",1.41,"m1",1,0,0.5,0.3099973,0,0,0.04033288,0,0,0.04033288
"143",1.42,"m1",1,0,0.5,0.3104103,0,0,0.04046709,0,0,0.04046709
"144",1.43,"m1",1,0,0.5,0.3108324,0,0,0.04137088,0,0,0.04137088
"145",1.44,"m1",1,0,0.5,0.3112556,0,0,0.04147154,0,0,0.04147154
"146",1.45,"m1",1,0,0.5,0.3116838,0,0,0.04195945,0,0,0.04195945
"147",1.46,"m1",1,0,0.5,0.3121178,0,0,0.04253439,0,0,0.04253439
"148",1.47,"m1",1,0,0.5,0.3125565,0,0,0.0429921,0,0,0.0429921
"149",1.48,"m1",1,0,0.5,0.3130048,0,0,0.04393522,0,0,0.04393522
"150",1.49,"m1",1,0,0.5,0.3134534,0,0,0.04396531,0,0,0.04396531
"151",1.5,"m1",1,0,0.5,0.3139198,0,0,0.04570109,0,0,0.04570109
"152",1.51,"m1",1,0,0.5,0.314382,0,0,0.04529711,0,0,0.04529711
"153",1.52,"m1",1,0,0.5,0.3148629,0,0,0.04713299,0,0,0.04713299
"154",1.53,"m1",1,0,0.5,0.3153397,0,0,0.04672135,0,0,0.04672135
"155",1.54,"m1",1,0,0.5,0.3158438,0,0,0.04940556,0,0,0.04940556
"156",1.55,"m1",1,0,0.5,0.3163391,0,0,0.04853728,0,0,0.04853728
"157",1.56,"m1",1,0,0.5,0.3168706,0,0,0.05209219,0,0,0.05209219
"158",1.57,"m1",1,0,0.5,0.3173982,0,0,0.05170366,0,0,0.05170366
"159",1.58,"m1",1,0,0.5,0.317963,0,0,0.05535184,0,0,0.05535184
"160",1.59,"m1",1,0,0.5,0.318534,0,0,0.05595032,0,0,0.05595032
"161",1.6,"m1",1,0,0.5,0.3191413,0,0,0.05951751,0,0,0.05951751
"162",1.61,"m1",1,0,0.5,0.3197704,0,0,0.06165528,0,0,0.06165528
"163",1.62,"m1",1,0,0.5,0.3204461,0,0,0.06622364,0,0,0.06622364
"164",1.63,"m1",1,0,0.5,0.3211603,0,0,0.06998266,0,0,0.06998266
"165",1.64,"m1",1,0,0.5,0.3219275,0,0,0.07519396,0,0,0.07519396
"166",1.65,"m1",1,0,0.5,0.322744,0,0,0.08000868,0,0,0.08000868
"167",1.66,"m1",1,0,0.5,0.3236052,0,0,0.08439914,0,0,0.08439914
"168",1.67,"m1",1,0,0.5,0.3245195,0,0,0.08960224,0,0,0.08960224
"169",1.68,"m1",1,0,0.5,0.325476,0,0,0.09373651,0,0,0.09373651
"170",1.69,"m1",1,0,0.5,0.3264825,0,0,0.09863974,0,0,0.09863974
"171",1.7,"m1",1,0,0.5,0.3275369,0,0,0.1033319,0,0,0.1033319
"172",1.71,"m1",1,0,0.5,0.3286378,0,0,0.1078862,0,0,0.1078862
"173",1.72,"m1",1,0,0.5,0.3297759,0,0,0.1115341,0,0,0.1115341
"174",1.73,"m1",1,0,0.5,0.3309563,0,0,0.1156865,0,0,0.1156865
"175",1.74,"m1",1,0,0.5,0.3321629,0,0,0.1182447,0,0,0.1182447
"176",1.75,"m1",1,0,0.5,0.3334074,0,0,0.1219575,0,0,0.1219575
"177",1.76,"m1",1,0,0.5,0.3346807,0,0,0.1247832,0,0,0.1247832
"178",1.77,"m1",1,0,0.5,0.33598,0,0,0.1273329,0,0,0.1273329
"179",1.78,"m1",1,0,0.5,0.3373035,0,0,0.1296993,0,0,0.1296993
"180",1.79,"m1",1,0,0.5,0.3386482,0,0,0.1317861,0,0,0.1317861
"181",1.8,"m1",1,0,0.5,0.3400199,0,0,0.1344185,0,0,0.1344185
"182",1.81,"m1",1,0,0.5,0.341408,0,0,0.1360432,0,0,0.1360432
"183",1.82,"m1",1,0,0.5,0.3428285,0,0,0.1392097,0,0,0.1392097
"184",1.83,"m1",1,0,0.5,0.344261,0,0,0.1403767,0,0,0.1403767
"185",1.84,"m1",1,0,0.5,0.3457287,0,0,0.1438396,0,0,0.1438396
"186",1.85,"m1",1,0,0.5,0.3471957,0,0,0.1437615,0,0,0.1437615
"187",1.86,"m1",1,0,0.5,0.3486929,0,0,0.1467291,0,0,0.1467291
"188",1.87,"m1",1,0,0.5,0.3501849,0,0,0.1462143,0,0,0.1462143
"189",1.88,"m1",1,0,0.5,0.3517023,0,0,0.1487018,0,0,0.1487018
"190",1.89,"m1",1,0,0.5,0.3532101,0,0,0.1477688,0,0,0.1477688
"191",1.9,"m1",1,0,0.5,0.3547387,0,0,0.1497991,0,0,0.1497991
"192",1.91,"m1",1,0,0.5,0.3562537,0,0,0.1484737,0,0,0.1484737
"193",1.92,"m1",1,0,0.5,0.3577851,0,0,0.150077,0,0,0.150077
"194",1.93,"m1",1,0,0.5,0.3592993,0,0,0.1483921,0,0,0.1483921
"195",1.94,"m1",1,0,0.5,0.3608259,0,0,0.1496049,0,0,0.1496049
"196",1.95,"m1",1,0,0.5,0.362323,0,0,0.1467153,0,0,0.1467153
"197",1.96,"m1",1,0,0.5,0.3638289,0,0,0.1475767,0,0,0.1475767
"198",1.97,"m1",1,0,0.5,0.3653026,0,0,0.1444243,0,0,0.1444243
"199",1.98,"m1",1,0,0.5,0.3667728,0,0,0.1440803,0,0,0.1440803
"200",1.99,"m1",1,0,0.5,0.3682087,0,0,0.1407167,0,0,0.1407167
"201",2,"m1",1,0,0.5,0.3696387,0,0,0.1401466,0,0,0.1401466
"202",2.01,"m1",1,0,0.5,0.371033,0,0,0.1366357,0,0,0.1366357
"203",2.02,"m1",1,0,0.5,0.3724101,0,0,0.1349633,0,0,0.1349633
"204",2.03,"m1",1,0,0.5,0.3737539,0,0,0.1316839,0,0,0.1316839
"205",2.04,"m1",1,0,0.5,0.3750797,0,0,0.1299332,0,0,0.1299332
"206",2.05,"m1",1,0,0.5,0.3763818,0,0,0.1276089,0,0,0.1276089
"207",2.06,"m1",1,0,0.5,0.3776762,0,0,0.1268417,0,0,0.1268417
"208",2.07,"m1",1,0,0.5,0.3789471,0,0,0.1245516,0,0,0.1245516
"209",2.08,"m1",1,0,0.5,0.3802003,0,0,0.1228087,0,0,0.1228087
"210",2.09,"m1",1,0,0.5,0.3814413,0,0,0.1216216,0,0,0.1216216
"211",2.1,"m1",1,0,0.5,0.3826656,0,0,0.1199831,0,0,0.1199831
"212",2.11,"m1",1,0,0.5,0.383879,0,0,0.1189156,0,0,0.1189156
"213",2.12,"m1",1,0,0.5,0.3850773,0,0,0.1174274,0,0,0.1174274
"214",2.13,"m1",1,0,0.5,0.3862555,0,0,0.115463,0,0,0.115463
"215",2.14,"m1",1,0,0.5,0.3874204,0,0,0.1141658,0,0,0.1141658
"216",2.15,"m1",1,0,0.5,0.3885676,0,0,0.1124254,0,0,0.1124254
"217",2.16,"m1",1,0,0.5,0.3896929,0,0,0.1102814,0,0,0.1102814
"218",2.17,"m1",1,0,0.5,0.3908069,0,0,0.109171,0,0,0.109171
"219",2.18,"m1",1,0,0.5,0.3918909,0,0,0.1062265,0,0,0.1062265
"220",2.19,"m1",1,0,0.5,0.3929666,0,0,0.1054203,0,0,0.1054203
"221",2.2,"m1",1,0,0.5,0.3940046,0,0,0.1017235,0,0,0.1017235
"222",2.21,"m1",1,0,0.5,0.3950265,0,0,0.1001506,0,0,0.1001506
"223",2.22,"m1",1,0,0.5,0.396015,0,0,0.0968753,0,0,0.0968753
"224",2.23,"m1",1,0,0.5,0.3969918,0,0,0.09571927,0,0,0.09571927
"225",2.24,"m1",1,0,0.5,0.3979399,0,0,0.09291635,0,0,0.09291635
"226",2.25,"m1",1,0,0.5,0.398881,0,0,0.0922242,0,0,0.0922242
"227",2.26,"m1",1,0,0.5,0.3997869,0,0,0.08877832,0,0,0.08877832
"228",2.27,"m1",1,0,0.5,0.4006908,0,0,0.08858722,0,0,0.08858722
"229",2.28,"m1",1,0,0.5,0.4015654,0,0,0.08571123,0,0,0.08571123
"230",2.29,"m1",1,0,0.5,0.4024436,0,0,0.08605883,0,0,0.08605883
"231",2.3,"m1",1,0,0.5,0.4033026,0,0,0.08418284,0,0,0.08418284
"232",2.31,"m1",1,0,0.5,0.4041833,0,0,0.08630568,0,0,0.08630568
"233",2.32,"m1",1,0,0.5,0.4050387,0,0,0.08382952,0,0,0.08382952
"234",2.33,"m1",1,0,0.5,0.405934,0,0,0.08773881,0,0,0.08773881
"235",2.34,"m1",1,0,0.5,0.4067979,0,0,0.08466931,0,0,0.08466931
"236",2.35,"m1",1,0,0.5,0.4077073,0,0,0.08912025,0,0,0.08912025
"237",2.36,"m1",1,0,0.5,0.4085922,0,0,0.08671213,0,0,0.08671213
"238",2.37,"m1",1,0,0.5,0.4095151,0,0,0.09044411,0,0,0.09044411
"239",2.38,"m1",1,0,0.5,0.4104201,0,0,0.08869008,0,0,0.08869008
"240",2.39,"m1",1,0,0.5,0.4113819,0,0,0.09425914,0,0,0.09425914
"241",2.4,"m1",1,0,0.5,0.4123193,0,0,0.09186437,0,0,0.09186437
"242",2.41,"m1",1,0,0.5,0.4133189,0,0,0.09795683,0,0,0.09795683
"243",2.42,"m1",1,0,0.5,0.4143007,0,0,0.09621462,0,0,0.09621462
"244",2.43,"m1",1,0,0.5,0.4153498,0,0,0.1028158,0,0,0.1028158
"245",2.44,"m1",1,0,0.5,0.4163741,0,0,0.1003812,0,0,0.1003812
"246",2.45,"m1",1,0,0.5,0.4174707,0,0,0.1074686,0,0,0.1074686
"247",2.46,"m1",1,0,0.5,0.4185352,0,0,0.1043261,0,0,0.1043261
"248",2.47,"m1",1,0,0.5,0.4196769,0,0,0.1118796,0,0,0.1118796
"249",2.48,"m1",1,0,0.5,0.4207791,0,0,0.1080159,0,0,0.1080159
"250",2.49,"m1",1,0,0.5,0.4219491,0,0,0.1146614,0,0,0.1146614
"251",2.5,"m1",1,0,0.5,0.4230862,0,0,0.1114323,0,0,0.1114323
"252",2.51,"m1",1,0,0.5,0.4242817,0,0,0.1171677,0,0,0.1171677
"253",2.52,"m1",1,0,0.5,0.4254367,0,0,0.1131859,0,0,0.1131859
"254",2.53,"m1",1,0,0.5,0.426655,0,0,0.1193967,0,0,0.1193967
"255",2.54,"m1",1,0,0.5,0.4278251,0,0,0.1146657,0,0,0.1146657
"256",2.55,"m1",1,0,0.5,0.4290491,0,0,0.1199563,0,0,0.1199563
"257",2.56,"m1",1,0,0.5,0.4302316,0,0,0.1158861,0,0,0.1158861
"258",2.57,"m1",1,0,0.5,0.4314589,0,0,0.1202703,0,0,0.1202703
"259",2.58,"m1",1,0,0.5,0.4326514,0,0,0.1168649,0,0,0.1168649
"260",2.59,"m1",1,0,0.5,0.4338796,0,0,0.120358,0,0,0.120358
"261",2.6,"m1",1,0,0.5,0.4350798,0,0,0.1176232,0,0,0.1176232
"262",2.61,"m1",1,0,0.5,0.4363214,0,0,0.1216832,0,0,0.1216832
"263",2.62,"m1",1,0,0.5,0.4375273,0,0,0.1181747,0,0,0.1181747
"264",2.63,"m1",1,0,0.5,0.4387804,0,0,0.1228065,0,0,0.1228065
"265",2.64,"m1",1,0,0.5,0.43999,0,0,0.1185363,0,0,0.1185363
"266",2.65,"m1",1,0,0.5,0.4412527,0,0,0.1237458,0,0,0.1237458
"267",2.66,"m1",1,0,0.5,0.4424642,0,0,0.1187271,0,0,0.1187271
"268",2.67,"m1",1,0,0.5,0.4437348,0,0,0.1245217,0,0,0.1245217
"269",2.68,"m1",1,0,0.5,0.4449467,0,0,0.1187684,0,0,0.1187684
"270",2.69,"m1",1,0,0.5,0.446229,0,0,0.1256601,0,0,0.1256601
"271",2.7,"m1",1,0,0.5,0.4474452,0,0,0.119185,0,0,0.119185
"272",2.71,"m1",1,0,0.5,0.4487377,0,0,0.1266699,0,0,0.1266699
"273",2.72,"m1",1,0,0.5,0.449957,0,0,0.1194852,0,0,0.1194852
"274",2.73,"m1",1,0,0.5,0.451243,0,0,0.1260289,0,0,0.1260289
"275",2.74,"m1",1,0,0.5,0.4524486,0,0,0.118153,0,0,0.118153
"276",2.75,"m1",1,0,0.5,0.4537275,0,0,0.1253328,0,0,0.1253328
"277",2.76,"m1",1,0,0.5,0.4549192,0,0,0.1167886,0,0,0.1167886
"278",2.77,"m1",1,0,0.5,0.4561749,0,0,0.1230552,0,0,0.1230552
"279",2.78,"m1",1,0,0.5,0.457369,0,0,0.11702,0,0,0.11702
"280",2.79,"m1",1,0,0.5,0.4586179,0,0,0.1223984,0,0,0.1223984
"281",2.8,"m1",1,0,0.5,0.4598201,0,0,0.1178146,0,0,0.1178146
"282",2.81,"m1",1,0,0.5,0.4610683,0,0,0.122323,0,0,0.122323
"283",2.82,"m1",1,0,0.5,0.4622626,0,0,0.1170393,0,0,0.1170393
"284",2.83,"m1",1,0,0.5,0.4634942,0,0,0.1207001,0,0,0.1207001
"285",2.84,"m1",1,0,0.5,0.4646816,0,0,0.1163638,0,0,0.1163638
"286",2.85,"m1",1,0,0.5,0.4659146,0,0,0.1208378,0,0,0.1208378
"287",2.86,"m1",1,0,0.5,0.4670964,0,0,0.1158149,0,0,0.1158149
"288",2.87,"m1",1,0,0.5,0.4683322,0,0,0.1211102,0,0,0.1211102
"289",2.88,"m1",1,0,0.5,0.46951,0,0,0.115417,0,0,0.115417
"290",2.89,"m1",1,0,0.5,0.4707502,0,0,0.1215408,0,0,0.1215408
"291",2.9,"m1",1,0,0.5,0.4719256,0,0,0.1151924,0,0,0.1151924
"292",2.91,"m1",1,0,0.5,0.4731548,0,0,0.1204648,0,0,0.1204648
"293",2.92,"m1",1,0,0.5,0.4743301,0,0,0.1151713,0,0,0.1151713
"294",2.93,"m1",1,0,0.5,0.4755506,0,0,0.1196137,0,0,0.1196137
"295",2.94,"m1",1,0,0.5,0.4767106,0,0,0.1136735,0,0,0.1136735
"296",2.95,"m1",1,0,0.5,0.4779076,0,0,0.1173119,0,0,0.1173119
"297",2.96,"m1",1,0,0.5,0.4790553,0,0,0.1124681,0,0,0.1124681
"298",2.97,"m1",1,0,0.5,0.4802321,0,0,0.1153302,0,0,0.1153302
"299",2.98,"m1",1,0,0.5,0.4813708,0,0,0.1115944,0,0,0.1115944
"300",2.99,"m1",1,0,0.5,0.4825311,0,0,0.1137054,0,0,0.1137054
"301",3,"m1",1,0,0.5,0.4836646,0,0,0.1110864,0,0,0.1110864
"302",3.01,"m1",1,0,0.5,0.4848122,0,0,0.1124686,0,0,0.1124686
"303",3.02,"m1",1,0,0.5,0.4859266,0,0,0.1092069,0,0,0.1092069
"304",3.03,"m1",1,0,0.5,0.4870659,0,0,0.1116566,0,0,0.1116566
"305",3.04,"m1",1,0,0.5,0.4881657,0,0,0.1077741,0,0,0.1077741
"306",3.05,"m1",1,0,0.5,0.4892831,0,0,0.1095127,0,0,0.1095127
"307",3.06,"m1",1,0,0.5,0.4903549,0,0,0.1050351,0,0,0.1050351
"308",3.07,"m1",1,0,0.5,0.4914375,0,0,0.1060935,0,0,0.1060935
"309",3.08,"m1",1,0,0.5,0.4924687,0,0,0.1010537,0,0,0.1010537
"310",3.09,"m1",1,0,0.5,0.4935041,0,0,0.1014702,0,0,0.1014702
"311",3.1,"m1",1,0,0.5,0.4944828,0,0,0.09590774,0,0,0.09590774
"312",3.11,"m1",1,0,0.5,0.4954596,0,0,0.09572668,0,0,0.09572668
"313",3.12,"m1",1,0,0.5,0.4963747,0,0,0.08968737,0,0,0.08968737
"314",3.13,"m1",1,0,0.5,0.4972825,0,0,0.08895894,0,0,0.08895894
"315",3.14,"m1",1,0,0.5,0.4981242,0,0,0.08249388,0,0,0.08249388
"316",3.15,"m1",1,0,0.5,0.4989722,0,0,0.08309647,0,0,0.08309647
"317",3.16,"m1",1,0,0.5,0.499769,0,0,0.0780885,0,0,0.0780885
"318",3.17,"m1",1,0,0.5,0.5006238,0,0,0.0837724,0,0,0.0837724
"319",3.18,"m1",1,0,0.5,0.5014235,0,0,0.07836574,0,0,0.07836574
"320",3.19,"m1",1,0,0.5,0.5023137,0,0,0.08723728,0,0,0.08723728
"321",3.2,"m1",1,0,0.5,0.5031639,0,0,0.08332656,0,0,0.08332656
"322",3.21,"m1",1,0,0.5,0.5041175,0,0,0.09344682,0,0,0.09344682
"323",3.22,"m1",1,0,0.5,0.5050264,0,0,0.08907223,0,0,0.08907223
"324",3.23,"m1",1,0,0.5,0.5060509,0,0,0.1004021,0,0,0.1004021
"325",3.24,"m1",1,0,0.5,0.5070456,0,0,0.09747807,0,0,0.09747807
"326",3.25,"m1",1,0,0.5,0.5081478,0,0,0.1080235,0,0,0.1080235
"327",3.26,"m1",1,0,0.5,0.5092146,0,0,0.1045397,0,0,0.1045397
"328",3.27,"m1",1,0,0.5,0.5104007,0,0,0.1162387,0,0,0.1162387
"329",3.28,"m1",1,0,0.5,0.5115452,0,0,0.1121639,0,0,0.1121639
"330",3.29,"m1",1,0,0.5,0.5128003,0,0,0.1229914,0,0,0.1229914
"331",3.3,"m1",1,0,0.5,0.5140277,0,0,0.1202847,0,0,0.1202847
"332",3.31,"m1",1,0,0.5,0.5153564,0,0,0.1302167,0,0,0.1302167
"333",3.32,"m1",1,0,0.5,0.5166506,0,0,0.1268292,0,0,0.1268292
"334",3.33,"m1",1,0,0.5,0.5180368,0,0,0.1358467,0,0,0.1358467
"335",3.34,"m1",1,0,0.5,0.5193813,0,0,0.1317602,0,0,0.1317602
"336",3.35,"m1",1,0,0.5,0.5208083,0,0,0.1398538,0,0,0.1398538
"337",3.36,"m1",1,0,0.5,0.5221865,0,0,0.1350597,0,0,0.1350597
"338",3.37,"m1",1,0,0.5,0.5236378,0,0,0.1422291,0,0,0.1422291
"339",3.38,"m1",1,0,0.5,0.525033,0,0,0.1367282,0,0,0.1367282
"340",3.39,"m1",1,0,0.5,0.526492,0,0,0.1429825,0,0,0.1429825
"341",3.4,"m1",1,0,0.5,0.5278878,0,0,0.1367845,0,0,0.1367845
"342",3.41,"m1",1,0,0.5,0.5293382,0,0,0.1421417,0,0,0.1421417
"343",3.42,"m1",1,0,0.5,0.5307184,0,0,0.1352656,0,0,0.1352656
"344",3.43,"m1",1,0,0.5,0.5321655,0,0,0.1418165,0,0,0.1418165
"345",3.44,"m1",1,0,0.5,0.5335358,0,0,0.1342831,0,0,0.1342831
"346",3.45,"m1",1,0,0.5,0.5349638,0,0,0.1399504,0,0,0.1399504
"347",3.46,"m1",1,0,0.5,0.5363086,0,0,0.1317833,0,0,0.1317833
"348",3.47,"m1",1,0,0.5,0.5377024,0,0,0.1365987,0,0,0.1365987
"349",3.48,"m1",1,0,0.5,0.5390068,0,0,0.1278294,0,0,0.1278294
"350",3.49,"m1",1,0,0.5,0.540352,0,0,0.1318322,0,0,0.1318322
"351",3.5,"m1",1,0,0.5,0.541602,0,0,0.1224994,0,0,0.1224994
"352",3.51,"m1",1,0,0.5,0.542885,0,0,0.1257356,0,0,0.1257356
"353",3.52,"m1",1,0,0.5,0.5440675,0,0,0.1158849,0,0,0.1158849
"354",3.53,"m1",1,0,0.5,0.5452757,0,0,0.1184069,0,0,0.1184069
"355",3.54,"m1",1,0,0.5,0.5463787,0,0,0.1080895,0,0,0.1080895
"356",3.55,"m1",1,0,0.5,0.5475007,0,0,0.1099553,0,0,0.1099553
"357",3.56,"m1",1,0,0.5,0.5485132,0,0,0.09922811,0,0,0.09922811
"358",3.57,"m1",1,0,0.5,0.5495387,0,0,0.1005005,0,0,0.1005005
"359",3.58,"m1",1,0,0.5,0.5504512,0,0,0.0894246,0,0,0.0894246
"360",3.59,"m1",1,0,0.5,0.5513713,0,0,0.0901704,0,0,0.0901704
"361",3.6,"m1",1,0,0.5,0.5521755,0,0,0.07881065,0,0,0.07881065
"362",3.61,"m1",1,0,0.5,0.5529827,0,0,0.07909986,0,0,0.07909986
"363",3.62,"m1",1,0,0.5,0.5536717,0,0,0.06752399,0,0,0.06752399
"364",3.63,"m1",1,0,0.5,0.5543598,0,0,0.06742898,0,0,0.06742898
"365",3.64,"m1",1,0,0.5,0.5549282,0,0,0.05570673,0,0,0.05570673
"366",3.65,"m1",1,0,0.5,0.5554925,0,0,0.0553014,0,0,0.0553014
"367",3.66,"m1",1,0,0.5,0.5559365,0,0,0.0435037,0,0,0.0435037
"368",3.67,"m1",1,0,0.5,0.5563738,0,0,0.04286265,0,0,0.04286265
"369",3.68,"m1",1,0,0.5,0.5566908,0,0,0.03106069,0,0,0.03106069
"370",3.69,"m1",1,0,0.5,0.5569995,0,0,0.03025839,0,0,0.03025839
"371",3.7,"m1",1,0,0.5,0.5571885,0,0,0.0185229,0,0,0.0185229
"372",3.71,"m1",1,0,0.5,0.5573685,0,0,0.01763285,0,0,0.01763285
"373",3.72,"m1",1,0,0.5,0.55743,0,0,0.006033238,0,0,0.006033238
"374",3.73,"m1",1,0,0.5,0.5574824,0,0,0.005127167,0,0,0.005127167
"375",3.74,"m1",1,0,0.5,0.5574184,0,0,-0.006269194,0,0,-0.006269194
"376",3.75,"m1",1,0,0.5,0.5573457,0,0,-0.007122018,0,0,-0.007122018
"377",3.76,"m1",1,0,0.5,0.5571595,0,0,-0.01825056,0,0,-0.01825056
"378",3.77,"m1",1,0,0.5,0.5569658,0,0,-0.01898405,0,0,-0.01898405
"379",3.78,"m1",1,0,0.5,0.5566619,0,0,-0.02978362,0,0,-0.02978362
"380",3.79,"m1",1,0,0.5,0.5563524,0,0,-0.03033552,0,0,-0.03033552
"381",3.8,"m1",1,0,0.5,0.5559366,0,0,-0.04074911,0,0,-0.04074911
"382",3.81,"m1",1,0,0.5,0.5555176,0,0,-0.04106159,0,0,-0.04106159
"383",3.82,"m1",1,0,0.5,0.5549968,0,0,-0.05103678,0,0,-0.05103678
"384",3.83,"m1",1,0,0.5,0.5544758,0,0,-0.051057,0,0,-0.051057
"385",3.84,"m1",1,0,0.5,0.553858,0,0,-0.06054653,0,0,-0.06054653
"386",3.85,"m1",1,0,0.5,0.5532434,0,0,-0.06022704,0,0,-0.06022704
"387",3.86,"m1",1,0,0.5,0.5525374,0,0,-0.06918924,0,0,-0.06918924
"388",3.87,"m1",1,0,0.5,0.5518385,0,0,-0.06848839,0,0,-0.06848839
"389",3.88,"m1",1,0,0.5,0.5510539,0,0,-0.07688751,0,0,-0.07688751
"390",3.89,"m1",1,0,0.5,0.5502808,0,0,-0.07576976,0,0,-0.07576976
"391",3.9,"m1",1,0,0.5,0.549428,0,0,-0.08357628,0,0,-0.08357628
"392",3.91,"m1",1,0,0.5,0.5485911,0,0,-0.0820125,0,0,-0.0820125
"393",3.92,"m1",1,0,0.5,0.5476809,0,0,-0.08920327,0,0,-0.08920327
"394",3.93,"m1",1,0,0.5,0.5467914,0,0,-0.08717084,0,0,-0.08717084
"395",3.94,"m1",1,0,0.5,0.545835,0,0,-0.09372928,0,0,-0.09372928
"396",3.95,"m1",1,0,0.5,0.5449043,0,0,-0.09121221,0,0,-0.09121221
"397",3.96,"m1",1,0,0.5,0.5439132,0,0,-0.0971283,0,0,-0.0971283
"398",3.97,"m1",1,0,0.5,0.5429528,0,0,-0.09411724,0,0,-0.09411724
"399",3.98,"m1",1,0,0.5,0.5419386,0,0,-0.09938753,0,0,-0.09938753
"400",3.99,"m1",1,0,0.5,0.5409603,0,0,-0.0958797,0,0,-0.0958797
"401",4,"m1",1,0,0.5,0.5399347,0,0,-0.1005072,0,0,-0.1005072
"402",4.01,"m1",1,0,0.5,0.53895,0,0,-0.0965063,0,0,-0.0965063
"403",4.02,"m1",1,0,0.5,0.5379245,0,0,-0.1005005,0,0,-0.1005005
"404",4.03,"m1",1,0,0.5,0.5369447,0,0,-0.09601631,0,0,-0.09601631
"405",4.04,"m1",1,0,0.5,0.5359305,0,0,-0.09939248,0,0,-0.09939248
"406",4.05,"m1",1,0,0.5,0.5349668,0,0,-0.09444096,0,0,-0.09444096
"407",4.06,"m1",1,0,0.5,0.5339747,0,0,-0.09722032,0,0,-0.09722032
"408",4.07,"m1",1,0,0.5,0.5330377,0,0,-0.09182297,0,0,-0.09182297
"409",4.08,"m1",1,0,0.5,0.5320782,0,0,-0.09403214,0,0,-0.09403214
"410",4.09,"m1",1,0,0.5,0.5311781,0,0,-0.08821575,0,0,-0.08821575
"411",4.1,"m1",1,0,0.5,0.5302609,0,0,-0.08988635,0,0,-0.08988635
"412",4.11,"m1",1,0,0.5,0.529407,0,0,-0.08368255,0,0,-0.08368255
"413",4.12,"m1",1,0,0.5,0.5285411,0,0,-0.08485076,0,0,-0.08485076
"414",4.13,"m1",1,0,0.5,0.5277422,0,0,-0.07829552,0,0,-0.07829552
"415",4.14,"m1",1,0,0.5,0.5269361,0,0,-0.07900155,0,0,-0.07900155
"416",4.15,"m1",1,0,0.5,0.5262,0,0,-0.07213467,0,0,-0.07213467
"417",4.16,"m1",1,0,0.5,0.525461,0,0,-0.07242233,0,0,-0.07242233
"418",4.17,"m1",1,0,0.5,0.5247948,0,0,-0.0652869,0,0,-0.0652869
"419",4.18,"m1",1,0,0.5,0.5241295,0,0,-0.06520292,0,0,-0.06520292
"420",4.19,"m1",1,0,0.5,0.5235392,0,0,-0.0578448,0,0,-0.0578448
"421",4.2,"m1",1,0,0.5,0.5229532,0,0,-0.05743832,0,0,-0.05743832
"422",4.21,"m1",1,0,0.5,0.5224439,0,0,-0.04990546,0,0,-0.04990546
"423",4.22,"m1",1,0,0.5,0.5219415,0,0,-0.0492274,0,0,-0.0492274
"424",4.23,"m1",1,0,0.5,0.5215173,0,0,-0.04156932,0,0,-0.04156932
"425",4.24,"m1",1,0,0.5,0.5211023,0,0,-0.04067183,0,0,-0.04067183
"426",4.25,"m1",1,0,0.5,0.5207662,0,0,-0.03293897,0,0,-0.03293897
"427",4.26,"m1",1,0,0.5,0.5204409,0,0,-0.03187484,0,0,-0.03187484
"428",4.27,"m1",1,0,0.5,0.5201948,0,0,-0.02411799,0,0,-0.02411799
"429",4.28,"m1",1,0,0.5,0.5199608,0,0,-0.02293995,0,0,-0.02293995
"430",4.29,"m1",1,0,0.5,0.5198056,0,0,-0.0152097,0,0,-0.0152097
"431",4.3,"m1",1,0,0.5,0.519663,0,0,-0.01396998,0,0,-0.01396998
"432",4.31,"m1",1,0,0.5,0.5195985,0,0,-0.00631603,0,0,-0.00631603
"433",4.32,"m1",1,0,0.5,0.5195469,0,0,-0.005065703,0,0,-0.005065703
"434",4.33,"m1",1,0,0.5,0.519572,0,0,0.002463552,0,0,0.002463552
"435",4.34,"m1",1,0,0.5,0.5196095,0,0,0.003675045,0,0,0.003675045
"436",4.35,"m1",1,0,0.5,0.5197221,0,0,0.01103312,0,0,0.01103312
"437",4.36,"m1",1,0,0.5,0.5198461,0,0,0.01215855,0,0,0.01215855
"438",4.37,"m1",1,0,0.5,0.5200431,0,0,0.01930135,0,0,0.01930135
"439",4.38,"m1",1,0,0.5,0.5202502,0,0,0.0202961,0,0,0.0202961
"440",4.39,"m1",1,0,0.5,0.5205276,0,0,0.0271823,0,0,0.0271823
"441",4.4,"m1",1,0,0.5,0.5208133,0,0,0.0280048,0,0,0.0280048
"442",4.41,"m1",1,0,0.5,0.5211664,0,0,0.03459632,0,0,0.03459632
"443",4.42,"m1",1,0,0.5,0.5215257,0,0,0.03520847,0,0,0.03520847
"444",4.43,"m1",1,0,0.5,0.5219489,0,0,0.04147083,0,0,0.04147083
"445",4.44,"m1",1,0,0.5,0.5223758,0,0,0.04183831,0,0,0.04183831
"446",4.45,"m1",1,0,0.5,0.522863,0,0,0.04774094,0,0,0.04774094
"447",4.46,"m1",1,0,0.5,0.5233511,0,0,0.04783353,0,0,0.04783353
"448",4.47,"m1",1,0,0.5,0.5238954,0,0,0.05335003,0,0,0.05335003
"449",4.48,"m1",1,0,0.5,0.5244377,0,0,0.05314177,0,0,0.05314177
"450",4.49,"m1",1,0,0.5,0.5250321,0,0,0.05825012,0,0,0.05825012
"451",4.5,"m1",1,0,0.5,0.5256211,0,0,0.05771958,0,0,0.05771958
"452",4.51,"m1",1,0,0.5,0.5262578,0,0,0.0624023,0,0,0.0624023
"453",4.52,"m1",1,0,0.5,0.5268857,0,0,0.06153265,0,0,0.06153265
"454",4.53,"m1",1,0,0.5,0.5275569,0,0,0.06577686,0,0,0.06577686
"455",4.54,"m1",1,0,0.5,0.5282156,0,0,0.06455597,0,0,0.06455597
"456",4.55,"m1",1,0,0.5,0.5289131,0,0,0.0683535,0,0,0.0683535
"457",4.56,"m1",1,0,0.5,0.5295945,0,0,0.06677392,0,0,0.06677392
"458",4.57,"m1",1,0,0.5,0.53031,0,0,0.07012131,0,0,0.07012131
"459",4.58,"m1",1,0,0.5,0.5310057,0,0,0.06818036,0,0,0.06818036
"460",4.59,"m1",1,0,0.5,0.5317309,0,0,0.0710787,0,0,0.0710787
"461",4.6,"m1",1,0,0.5,0.5324328,0,0,0.06877824,0,0,0.06877824
"462",4.61,"m1",1,0,0.5,0.5331597,0,0,0.07123315,0,0,0.07123315
"463",4.62,"m1",1,0,0.5,0.5338595,0,0,0.06857947,0,0,0.06857947
"464",4.63,"m1",1,0,0.5,0.5345799,0,0,0.07060092,0,0,0.07060092
"465",4.64,"m1",1,0,0.5,0.5352698,0,0,0.06760464,0,0,0.06760464
"466",4.65,"m1",1,0,0.5,0.535976,0,0,0.06920676,0,0,0.06920676
"467",4.66,"m1",1,0,0.5,0.5366483,0,0,0.06588255,0,0,0.06588255
"468",4.67,"m1",1,0,0.5,0.5373328,0,0,0.06708341,0,0,0.06708341
"469",4.68,"m1",1,0,0.5,0.5379802,0,0,0.06344974,0,0,0.06344974
"470",4.69,"m1",1,0,0.5,0.538636,0,0,0.064271,0,0,0.064271
"471",4.7,"m1",1,0,0.5,0.5392519,0,0,0.06034981,0,0,0.06034981
"472",4.71,"m1",1,0,0.5,0.5398725,0,0,0.0608164,0,0,0.0608164
"473",4.72,"m1",1,0,0.5,0.5404503,0,0,0.05663279,0,0,0.05663279
"474",4.73,"m1",1,0,0.5,0.5410296,0,0,0.05677267,0,0,0.05677267
"475",4.74,"m1",1,0,0.5,0.5415639,0,0,0.05235457,0,0,0.05235457
"476",4.75,"m1",1,0,0.5,0.5420965,0,0,0.05219824,0,0,0.05219824
"477",4.76,"m1",1,0,0.5,0.542582,0,0,0.04757598,0,0,0.04757598
"478",4.77,"m1",1,0,0.5,0.5430632,0,0,0.04715612,0,0,0.04715612
"479",4.78,"m1",1,0,0.5,0.5434954,0,0,0.04236203,0,0,0.04236203
"480",4.79,"m1",1,0,0.5,0.5439211,0,0,0.04171318,0,0,0.04171318
"481",4.8,"m1",1,0,0.5,0.5442964,0,0,0.0367812,0,0,0.0367812
"482",4.81,"m1",1,0,0.5,0.5446631,0,0,0.03593918,0,0,0.03593918
"483",4.82,"m1",1,0,0.5,0.5449785,0,0,0.03090442,0,0,0.03090442
"484",4.83,"m1",1,0,0.5,0.5452837,0,0,0.02990603,0,0,0.02990603
"485",4.84,"m1",1,0,0.5,0.5455368,0,0,0.02480436,0,0,0.02480436
"486",4.85,"m1",1,0,0.5,0.5457785,0,0,0.02368695,0,0,0.02368695
"487",4.86,"m1",1,0,0.5,0.5459678,0,0,0.01855455,0,0,0.01855455
"488",4.87,"m1",1,0,0.5,0.5461448,0,0,0.01735551,0,0,0.01735551
"489",4.88,"m1",1,0,0.5,0.5462696,0,0,0.01222852,0,0,0.01222852
"490",4.89,"m1",1,0,0.5,0.5463817,0,0,0.01098494,0,0,0.01098494
"491",4.9,"m1",1,0,0.5,0.5464419,0,0,0.005898897,0,0,0.005898897
"492",4.91,"m1",1,0,0.5,0.5464894,0,0,0.004647135,0,0,0.004647135
"493",4.92,"m1",1,0,0.5,0.5464857,0,0,-0.0003632522,0,0,-0.0003632522
"494",4.93,"m1",1,0,0.5,0.5464694,0,0,-0.001587946,0,0,-0.001587946
"495",4.94,"m1",1,0,0.5,0.5464032,0,0,-0.006489228,0,0,-0.006489228
"496",4.95,"m1",1,0,0.5,0.5463251,0,0,-0.007653056,0,0,-0.007653056
"497",4.96,"m1",1,0,0.5,0.5461985,0,0,-0.01241342,0,0,-0.01241342
"498",4.97,"m1",1,0,0.5,0.5460609,0,0,-0.0134844,0,0,-0.0134844
"499",4.98,"m1",1,0,0.5,0.5458765,0,0,-0.01807402,0,0,-0.01807402
"500",4.99,"m1",1,0,0.5,0.5456824,0,0,-0.0190223,0,0,-0.0190223
"501",5,"m1",1,0,0.5,0.5454435,0,0,-0.02341349,0,0,-0.02341349
"502",5.01,"m1",1,0,0.5,0.5451964,0,0,-0.02421159,0,0,-0.02421159
"503",5.02,"m1",1,0,0.5,0.5449069,0,0,-0.02837928,0,0,-0.02837928
"504",5.03,"m1",1,0,0.5,0.5446109,0,0,-0.02900237,0,0,-0.02900237
"505",5.04,"m1",1,0,0.5,0.544275,0,0,-0.03292417,0,0,-0.03292417
"506",5.05,"m1",1,0,0.5,0.5439347,0,0,-0.0333503,0,0,-0.0333503
"507",5.06,"m1",1,0,0.5,0.5435571,0,0,-0.03700677,0,0,-0.03700677
"508",5.07,"m1",1,0,0.5,0.5431774,0,0,-0.03721701,0,0,-0.03721701
"509",5.08,"m1",1,0,0.5,0.5427632,0,0,-0.04059178,0,0,-0.04059178
"510",5.09,"m1",1,0,0.5,0.5423492,0,0,-0.04057034,0,0,-0.04057034
"511",5.1,"m1",1,0,0.5,0.5419038,0,0,-0.04365026,0,0,-0.04365026
"512",5.11,"m1",1,0,0.5,0.5414611,0,0,-0.04338461,0,0,-0.04338461
"513",5.12,"m1",1,0,0.5,0.5409901,0,0,-0.0461598,0,0,-0.0461598
"514",5.13,"m1",1,0,0.5,0.5405244,0,0,-0.04564078,0,0,-0.04564078
"515",5.14,"m1",1,0,0.5,0.5400335,0,0,-0.04810465,0,0,-0.04810465
"516",5.15,"m1",1,0,0.5,0.5395506,0,0,-0.04732643,0,0,-0.04732643
"517",5.16,"m1",1,0,0.5,0.5390458,0,0,-0.04947581,0,0,-0.04947581
"518",5.17,"m1",1,0,0.5,0.5385515,0,0,-0.04843588,0,0,-0.04843588
"519",5.18,"m1",1,0,0.5,0.5380386,0,0,-0.05027081,0,0,-0.05027081
"520",5.19,"m1",1,0,0.5,0.5375389,0,0,-0.04896997,0,0,-0.04896997
"521",5.2,"m1",1,0,0.5,0.5370237,0,0,-0.05049377,0,0,-0.05049377
"522",5.21,"m1",1,0,0.5,0.5365243,0,0,-0.04893596,0,0,-0.04893596
"523",5.22,"m1",1,0,0.5,0.5360125,0,0,-0.05015502,0,0,-0.05015502
"524",5.23,"m1",1,0,0.5,0.5355192,0,0,-0.04834729,0,0,-0.04834729
"525",5.24,"m1",1,0,0.5,0.5350164,0,0,-0.04927101,0,0,-0.04927101
"526",5.25,"m1",1,0,0.5,0.5345346,0,0,-0.04722332,0,0,-0.04722332
"527",5.26,"m1",1,0,0.5,0.5340462,0,0,-0.04786393,0,0,-0.04786393
"528",5.27,"m1",1,0,0.5,0.533581,0,0,-0.04558894,0,0,-0.04558894
"529",5.28,"m1",1,0,0.5,0.533112,0,0,-0.04596124,0,0,-0.04596124
"530",5.29,"m1",1,0,0.5,0.5326684,0,0,-0.04347419,0,0,-0.04347419
"531",5.3,"m1",1,0,0.5,0.5322235,0,0,-0.04359538,0,0,-0.04359538
"532",5.31,"m1",1,0,0.5,0.5318061,0,0,-0.04091375,0,0,-0.04091375
"533",5.32,"m1",1,0,0.5,0.5313897,0,0,-0.04080324,0,0,-0.04080324
"534",5.33,"m1",1,0,0.5,0.5310025,0,0,-0.03794657,0,0,-0.03794657
"535",5.34,"m1",1,0,0.5,0.5306186,0,0,-0.03762563,0,0,-0.03762563
"536",5.35,"m1",1,0,0.5,0.5302654,0,0,-0.03461523,0,0,-0.03461523
"537",5.36,"m1",1,0,0.5,0.5299174,0,0,-0.03410673,0,0,-0.03410673
"538",5.37,"m1",1,0,0.5,0.5296014,0,0,-0.03096537,0,0,-0.03096537
"539",5.38,"m1",1,0,0.5,0.5292923,0,0,-0.03029352,0,0,-0.03029352
"540",5.39,"m1",1,0,0.5,0.5290163,0,0,-0.02704522,0,0,-0.02704522
"541",5.4,"m1",1,0,0.5,0.5287486,0,0,-0.02623523,0,0,-0.02623523
"542",5.41,"m1",1,0,0.5,0.5285149,0,0,-0.02290488,0,0,-0.02290488
"543",5.42,"m1",1,0,0.5,0.5282906,0,0,-0.02198273,0,0,-0.02198273
"544",5.43,"m1",1,0,0.5,0.5281008,0,0,-0.0185958,0,0,-0.0185958
"545",5.44,"m1",1,0,0.5,0.5279214,0,0,-0.01758787,0,0,-0.01758787
"546",5.45,"m1",1,0,0.5,0.5277768,0,0,-0.0141701,0,0,-0.0141701
"547",5.46,"m1",1,0,0.5,0.5276431,0,0,-0.0131029,0,0,-0.0131029
"548",5.47,"m1",1,0,0.5,0.5275443,0,0,-0.009680066,0,0,-0.009680066
"549",5.48,"m1",1,0,0.5,0.5274568,0,0,-0.008579981,0,0,-0.008579981
"550",5.49,"m1",1,0,0.5,0.527404,0,0,-0.005177495,0,0,-0.005177495
"551",5.5,"m1",1,0,0.5,0.5273624,0,0,-0.004070406,0,0,-0.004070406
"552",5.51,"m1",1,0,0.5,0.5273551,0,0,-0.0007131634,0,0,-0.0007131634
"553",5.52,"m1",1,0,0.5,0.5273589,0,0,0.0003757889,0,0,0.0003757889
"554",5.53,"m1",1,0,0.5,0.5273963,0,0,0.003663775,0,0,0.003663775
"555",5.54,"m1",1,0,0.5,0.5274444,0,0,0.004710436,0,0,0.004710436
"556",5.55,"m1",1,0,0.5,0.5275251,0,0,0.007906273,0,0,0.007906273
"557",5.56,"m1",1,0,0.5,0.5276158,0,0,0.008887678,0,0,0.008887678
"558",5.57,"m1",1,0,0.5,0.5277379,0,0,0.01196976,0,0,0.01196976
"559",5.58,"m1",1,0,0.5,0.5278692,0,0,0.01286447,0,0,0.01286447
"560",5.59,"m1",1,0,0.5,0.5280305,0,0,0.01581283,0,0,0.01581283
"561",5.6,"m1",1,0,0.5,0.5281999,0,0,0.01660101,0,0,0.01660101
"562",5.61,"m1",1,0,0.5,0.5283979,0,0,0.01939737,0,0,0.01939737
"563",5.62,"m1",1,0,0.5,0.5286025,0,0,0.02006108,0,0,0.02006108
"564",5.63,"m1",1,0,0.5,0.528834,0,0,0.02268909,0,0,0.02268909
"565",5.64,"m1",1,0,0.5,0.5290709,0,0,0.0232124,0,0,0.0232124
"566",5.65,"m1",1,0,0.5,0.5293328,0,0,0.02565774,0,0,0.02565774
"567",5.66,"m1",1,0,0.5,0.5295984,0,0,0.02602677,0,0,0.02602677
"568",5.67,"m1",1,0,0.5,0.5298869,0,0,0.02827733,0,0,0.02827733
"569",5.68,"m1",1,0,0.5,0.5301775,0,0,0.02848051,0,0,0.02848051
"570",5.69,"m1",1,0,0.5,0.530489,0,0,0.03052645,0,0,0.03052645
"571",5.7,"m1",1,0,0.5,0.5308008,0,0,0.03055447,0,0,0.03055447
"572",5.71,"m1",1,0,0.5,0.5311313,0,0,0.03238825,0,0,0.03238825
"573",5.72,"m1",1,0,0.5,0.5314602,0,0,0.03223419,0,0,0.03223419
"574",5.73,"m1",1,0,0.5,0.5318056,0,0,0.03385066,0,0,0.03385066
"575",5.74,"m1",1,0,0.5,0.5321476,0,0,0.03350997,0,0,0.03350997
"576",5.75,"m1",1,0,0.5,0.5325038,0,0,0.03490631,0,0,0.03490631
"577",5.76,"m1",1,0,0.5,0.5328546,0,0,0.0343768,0,0,0.0343768
"578",5.77,"m1",1,0,0.5,0.5332173,0,0,0.03555256,0,0,0.03555256
"579",5.78,"m1",1,0,0.5,0.5335728,0,0,0.03483441,0,0,0.03483441
"580",5.79,"m1",1,0,0.5,0.533938,0,0,0.03579141,0,0,0.03579141
"581",5.8,"m1",1,0,0.5,0.534294,0,0,0.03488706,0,0,0.03488706
"582",5.81,"m1",1,0,0.5,0.5346576,0,0,0.03562937,0,0,0.03562937
"583",5.82,"m1",1,0,0.5,0.5350101,0,0,0.03454343,0,0,0.03454343
"584",5.83,"m1",1,0,0.5,0.535368,0,0,0.03507727,0,0,0.03507727
"585",5.84,"m1",1,0,0.5,0.5357131,0,0,0.03381648,0,0,0.03381648
"586",5.85,"m1",1,0,0.5,0.5360615,0,0,0.03415013,0,0,0.03415013
"587",5.86,"m1",1,0,0.5,0.5363954,0,0,0.03272319,0,0,0.03272319
"588",5.87,"m1",1,0,0.5,0.5367308,0,0,0.03286678,0,0,0.03286678
"589",5.88,"m1",1,0,0.5,0.5370501,0,0,0.03128416,0,0,0.03128416
"590",5.89,"m1",1,0,0.5,0.537369,0,0,0.03124955,0,0,0.03124955
"591",5.9,"m1",1,0,0.5,0.5376702,0,0,0.02952344,0,0,0.02952344
"592",5.91,"m1",1,0,0.5,0.5379694,0,0,0.02932407,0,0,0.02932407
"593",5.92,"m1",1,0,0.5,0.5382497,0,0,0.02746816,0,0,0.02746816
"594",5.93,"m1",1,0,0.5,0.5385264,0,0,0.02711885,0,0,0.02711885
"595",5.94,"m1",1,0,0.5,0.538783,0,0,0.02514806,0,0,0.02514806
"596",5.95,"m1",1,0,0.5,0.5390347,0,0,0.0246648,0,0,0.0246648
"597",5.96,"m1",1,0,0.5,0.5392653,0,0,0.02259518,0,0,0.02259518
"598",5.97,"m1",1,0,0.5,0.5394897,0,0,0.02199497,0,0,0.02199497
"599",5.98,"m1",1,0,0.5,0.5396922,0,0,0.01984348,0,0,0.01984348
"600",5.99,"m1",1,0,0.5,0.5398875,0,0,0.01914409,0,0,0.01914409
"601",6,"m1",1,0,0.5,0.5400602,0,0,0.01692834,0,0,0.01692834
"602",6.01,"m1",1,0,0.5,0.540225,0,0,0.01614807,0,0,0.01614807
"603",6.02,"m1",1,0,0.5,0.5403666,0,0,0.01388615,0,0,0.01388615
"604",6.03,"m1",1,0,0.5,0.5404997,0,0,0.01304367,0,0,0.01304367
"605",6.04,"m1",1,0,0.5,0.5406095,0,0,0.01075389,0,0,0.01075389
"606",6.05,"m1",1,0,0.5,0.5407102,0,0,0.009867989,0,0,0.009867989
"607",6.06,"m1",1,0,0.5,0.5407874,0,0,0.007568711,0,0,0.007568711
"608",6.07,"m1",1,0,0.5,0.5408553,0,0,0.006658098,0,0,0.006658098
"609",6.08,"m1",1,0,0.5,0.5408999,0,0,0.004367487,0,0,0.004367487
"610",6.09,"m1",1,0,0.5,0.5409352,0,0,0.003450609,0,0,0.003450609
"611",6.1,"m1",1,0,0.5,0.5409473,0,0,0.001186466,0,0,0.001186466
"612",6.11,"m1",1,0,0.5,0.5409501,0,0,0.0002812829,0,0,0.0002812829
"613",6.12,"m1",1,0,0.5,0.5409303,0,0,-0.001939147,0,0,-0.001939147
"614",6.13,"m1",1,0,0.5,0.5409016,0,0,-0.002815357,0,0,-0.002815357
"615",6.14,"m1",1,0,0.5,0.5408508,0,0,-0.004975617,0,0,-0.004975617
"616",6.15,"m1",1,0,0.5,0.5407916,0,0,-0.005806405,0,0,-0.005806405
"617",6.16,"m1",1,0,0.5,0.540711,0,0,-0.007890912,0,0,-0.007890912
"618",6.17,"m1",1,0,0.5,0.5406227,0,0,-0.008660861,0,0,-0.008660861
"619",6.18,"m1",1,0,0.5,0.5405139,0,0,-0.01065513,0,0,-0.01065513
"620",6.19,"m1",1,0,0.5,0.5403981,0,0,-0.01134998,0,0,-0.01134998
"621",6.2,"m1",1,0,0.5,0.540263,0,0,-0.01324075,0,0,-0.01324075
"622",6.21,"m1",1,0,0.5,0.5401217,0,0,-0.01384749,0,0,-0.01384749
"623",6.22,"m1",1,0,0.5,0.5399622,0,0,-0.01562283,0,0,-0.01562283
"624",6.23,"m1",1,0,0.5,0.5397977,0,0,-0.01612986,0,0,-0.01612986
"625",6.24,"m1",1,0,0.5,0.5396162,0,0,-0.01777931,0,0,-0.01777931
"626",6.25,"m1",1,0,0.5,0.5394307,0,0,-0.01817654,0,0,-0.01817654
"627",6.26,"m1",1,0,0.5,0.5392298,0,0,-0.01969113,0,0,-0.01969113
"628",6.27,"m1",1,0,0.5,0.539026,0,0,-0.01997007,0,0,-0.01997007
"629",6.28,"m1",1,0,0.5,0.5388082,0,0,-0.02134244,0,0,-0.02134244
"630",6.29,"m1",1,0,0.5,0.5385889,0,0,-0.02149619,0,0,-0.02149619
"631",6.3,"m1",1,0,0.5,0.538357,0,0,-0.02272065,0,0,-0.02272065
"632",6.31,"m1",1,0,0.5,0.5381249,0,0,-0.02274397,0,0,-0.02274397
"633",6.32,"m1",1,0,0.5,0.5378819,0,0,-0.02381646,0,0,-0.02381646
"634",6.33,"m1",1,0,0.5,0.53764,0,0,-0.02370586,0,0,-0.02370586
"635",6.34,"m1",1,0,0.5,0.5373887,0,0,-0.02462405,0,0,-0.02462405
"636",6.35,"m1",1,0,0.5,0.53714,0,0,-0.02437765,0,0,-0.02437765
"637",6.36,"m1",1,0,0.5,0.5368835,0,0,-0.02514086,0,0,-0.02514086
"638",6.37,"m1",1,0,0.5,0.5366308,0,0,-0.0247585,0,0,-0.0247585
"639",6.38,"m1",1,0,0.5,0.5363719,0,0,-0.02536768,0,0,-0.02536768
"640",6.39,"m1",1,0,0.5,0.5361184,0,0,-0.02485078,0,0,-0.02485078
"641",6.4,"m1",1,0,0.5,0.5358601,0,0,-0.02530853,0,0,-0.02530853
"642",6.41,"m1",1,0,0.5,0.5356085,0,0,-0.02466011,0,0,-0.02466011
"643",6.42,"m1",1,0,0.5,0.5353537,0,0,-0.02497049,0,0,-0.02497049
"644",6.43,"m1",1,0,0.5,0.5351068,0,0,-0.02419511,0,0,-0.02419511
"645",6.44,"m1",1,0,0.5,0.5348582,0,0,-0.02436368,0,0,-0.02436368
"646",6.45,"m1",1,0,0.5,0.5346187,0,0,-0.02346726,0,0,-0.02346726
"647",6.46,"m1",1,0,0.5,0.5343789,0,0,-0.02350092,0,0,-0.02350092
"648",6.47,"m1",1,0,0.5,0.5341494,0,0,-0.02249075,0,0,-0.02249075
"649",6.48,"m1",1,0,0.5,0.5339209,0,0,-0.0223977,0,0,-0.0223977
"650",6.49,"m1",1,0,0.5,0.5337037,0,0,-0.02128222,0,0,-0.02128222
"651",6.5,"m1",1,0,0.5,0.5334888,0,0,-0.02107176,0,0,-0.02107176
"652",6.51,"m1",1,0,0.5,0.5332861,0,0,-0.01986052,0,0,-0.01986052
"653",6.52,"m1",1,0,0.5,0.5330867,0,0,-0.01954297,0,0,-0.01954297
"654",6.53,"m1",1,0,0.5,0.5329005,0,0,-0.01824641,0,0,-0.01824641
"655",6.54,"m1",1,0,0.5,0.5327185,0,0,-0.01783295,0,0,-0.01783295
"656",6.55,"m1",1,0,0.5,0.5325505,0,0,-0.01646236,0,0,-0.01646236
"657",6.56,"m1",1,0,0.5,0.5323876,0,0,-0.01596493,0,0,-0.01596493
"658",6.57,"m1",1,0,0.5,0.5322393,0,0,-0.0145323,0,0,-0.0145323
"659",6.58,"m1",1,0,0.5,0.5320969,0,0,-0.01396335,0,0,-0.01396335
"660",6.59,"m1",1,0,0.5,0.5319695,0,0,-0.01248113,0,0,-0.01248113
"661",6.6,"m1",1,0,0.5,0.5318485,0,0,-0.01185361,0,0,-0.01185361
"662",6.61,"m1",1,0,0.5,0.5317431,0,0,-0.01033462,0,0,-0.01033462
"663",6.62,"m1",1,0,0.5,0.5316445,0,0,-0.009661742,0,0,-0.009661742
"664",6.63,"m1",1,0,0.5,0.5315617,0,0,-0.008118978,0,0,-0.008118978
"665",6.64,"m1",1,0,0.5,0.531486,0,0,-0.007414049,0,0,-0.007414049
"666",6.65,"m1",1,0,0.5,0.5314263,0,0,-0.005860595,0,0,-0.005860595
"667",6.66,"m1",1,0,0.5,0.5313739,0,0,-0.005136934,0,0,-0.005136934
"668",6.67,"m1",1,0,0.5,0.5313373,0,0,-0.003585785,0,0,-0.003585785
"669",6.68,"m1",1,0,0.5,0.5313081,0,0,-0.002856489,0,0,-0.002856489
"670",6.69,"m1",1,0,0.5,0.5312946,0,0,-0.00132036,0,0,-0.00132036
"671",6.7,"m1",1,0,0.5,0.5312886,0,0,-0.0005982436,0,0,-0.0005982436
"672",6.71,"m1",1,0,0.5,0.5312979,0,0,0.0009105037,0,0,0.0009105037
"673",6.72,"m1",1,0,0.5,0.5313143,0,0,0.001613066,0,0,0.001613066
"674",6.73,"m1",1,0,0.5,0.5313458,0,0,0.003082601,0,0,0.003082601
"675",6.74,"m1",1,0,0.5,0.5313841,0,0,0.003753822,0,0,0.003753822
"676",6.75,"m1",1,0,0.5,0.5314369,0,0,0.00517293,0,0,0.00517293
"677",6.76,"m1",1,0,0.5,0.5314961,0,0,0.005801721,0,0,0.005801721
"678",6.77,"m1",1,0,0.5,0.5315692,0,0,0.00715994,0,0,0.00715994
"679",6.78,"m1",1,0,0.5,0.5316481,0,0,0.007736019,0,0,0.007736019
"680",6.79,"m1",1,0,0.5,0.5317402,0,0,0.009023735,0,0,0.009023735
"681",6.8,"m1",1,0,0.5,0.5318375,0,0,0.00953771,0,0,0.00953771
"682",6.81,"m1",1,0,0.5,0.5319472,0,0,0.01074621,0,0,0.01074621
"683",6.82,"m1",1,0,0.5,0.5320614,0,0,0.01118966,0,0,0.01118966
"684",6.83,"m1",1,0,0.5,0.532187,0,0,0.01231127,0,0,0.01231127
"685",6.84,"m1",1,0,0.5,0.5323164,0,0,0.01267685,0,0,0.01267685
"686",6.85,"m1",1,0,0.5,0.5324562,0,0,0.01370499,0,0,0.01370499
"687",6.86,"m1",1,0,0.5,0.5325989,0,0,0.01398645,0,0,0.01398645
"688",6.87,"m1",1,0,0.5,0.5327511,0,0,0.01491567,0,0,0.01491567
"689",6.88,"m1",1,0,0.5,0.5329053,0,0,0.01510789,0,0,0.01510789
"690",6.89,"m1",1,0,0.5,0.5330679,0,0,0.01593388,0,0,0.01593388
"691",6.9,"m1",1,0,0.5,0.5332315,0,0,0.01603294,0,0,0.01603294
"692",6.91,"m1",1,0,0.5,0.5334024,0,0,0.01675256,0,0,0.01675256
"693",6.92,"m1",1,0,0.5,0.5335734,0,0,0.01675574,0,0,0.01675574
"694",6.93,"m1",1,0,0.5,0.5337507,0,0,0.01736704,0,0,0.01736704
"695",6.94,"m1",1,0,0.5,0.5339269,0,0,0.01727284,0,0,0.01727284
"696",6.95,"m1",1,0,0.5,0.5341083,0,0,0.01777512,0,0,0.01777512
"697",6.96,"m1",1,0,0.5,0.5342877,0,0,0.01758318,0,0,0.01758318
"698",6.97,"m1",1,0,0.5,0.5344712,0,0,0.01797688,0,0,0.01797688
"699",6.98,"m1",1,0,0.5,0.5346516,0,0,0.01768802,0,0,0.01768802
"700",6.99,"m1",1,0,0.5,0.534835,0,0,0.01797472,0,0,0.01797472
"701",7,"m1",1,0,0.5,0.5350145,0,0,0.01759091,0,0,0.01759091
"702",7.01,"m1",1,0,0.5,0.5351959,0,0,0.0177733,0,0,0.0177733
"703",7.02,"m1",1,0,0.5,0.5353724,0,0,0.01729755,0,0,0.01729755
"704",7.03,"m1",1,0,0.5,0.5355497,0,0,0.01737935,0,0,0.01737935
"705",7.04,"m1",1,0,0.5,0.5357213,0,0,0.01681574,0,0,0.01681574
"706",7.05,"m1",1,0,0.5,0.5358927,0,0,0.01680166,0,0,0.01680166
"707",7.06,"m1",1,0,0.5,0.5360576,0,0,0.01615516,0,0,0.01615516
"708",7.07,"m1",1,0,0.5,0.5362214,0,0,0.01605082,0,0,0.01605082
"709",7.08,"m1",1,0,0.5,0.5363778,0,0,0.01532729,0,0,0.01532729
"710",7.09,"m1",1,0,0.5,0.5365323,0,0,0.01513913,0,0,0.01513913
"711",7.1,"m1",1,0,0.5,0.5366787,0,0,0.01434523,0,0,0.01434523
"712",7.11,"m1",1,0,0.5,0.5368224,0,0,0.01408043,0,0,0.01408043
"713",7.12,"m1",1,0,0.5,0.5369573,0,0,0.01322348,0,0,0.01322348
"714",7.13,"m1",1,0,0.5,0.5370889,0,0,0.01288985,0,0,0.01288985
"715",7.14,"m1",1,0,0.5,0.5372111,0,0,0.0119778,0,0,0.0119778
"716",7.15,"m1",1,0,0.5,0.5373293,0,0,0.0115837,0,0,0.0115837
"717",7.16,"m1",1,0,0.5,0.5374377,0,0,0.01062497,0,0,0.01062497
"718",7.17,"m1",1,0,0.5,0.5375416,0,0,0.01017922,0,0,0.01017922
"719",7.18,"m1",1,0,0.5,0.5376353,0,0,0.009182599,0,0,0.009182599
"720",7.19,"m1",1,0,0.5,0.537724,0,0,0.008694305,0,0,0.008694305
"721",7.2,"m1",1,0,0.5,0.5378023,0,0,0.00766891,0,0,0.00766891
"722",7.21,"m1",1,0,0.5,0.5378752,0,0,0.007147388,0,0,0.007147388
"723",7.22,"m1",1,0,0.5,0.5379375,0,0,0.006102443,0,0,0.006102443
"724",7.23,"m1",1,0,0.5,0.5379942,0,0,0.005557133,0,0,0.005557133
"725",7.24,"m1",1,0,0.5,0.5380402,0,0,0.00450195,0,0,0.00450195
"726",7.25,"m1",1,0,0.5,0.5380804,0,0,0.003942304,0,0,0.003942304
"727",7.26,"m1",1,0,0.5,0.5381098,0,0,0.002886142,0,0,0.002886142
"728",7.27,"m1",1,0,0.5,0.5381335,0,0,0.002321507,0,0,0.002321507
"729",7.28,"m1",1,0,0.5,0.5381465,0,0,0.001273484,0,0,0.001273484
"730",7.29,"m1",1,0,0.5,0.5381538,0,0,0.0007129969,0,0,0.0007129969
"731",7.3,"m1",1,0,0.5,0.5381505,0,0,-0.0003180517,0,0,-0.0003180517
"732",7.31,"m1",1,0,0.5,0.5381417,0,0,-0.0008655769,0,0,-0.0008655769
"733",7.32,"m1",1,0,0.5,0.5381227,0,0,-0.001871154,0,0,-0.001871154
"734",7.33,"m1",1,0,0.5,0.5380982,0,0,-0.002397242,0,0,-0.002397242
"735",7.34,"m1",1,0,0.5,0.5380638,0,0,-0.003369301,0,0,-0.003369301
"736",7.35,"m1",1,0,0.5,0.5380244,0,0,-0.003865968,0,0,-0.003865968
"737",7.36,"m1",1,0,0.5,0.5379754,0,0,-0.004796925,0,0,-0.004796925
"738",7.37,"m1",1,0,0.5,0.5379218,0,0,-0.005256768,0,0,-0.005256768
"739",7.38,"m1",1,0,0.5,0.5378591,0,0,-0.006139657,0,0,-0.006139657
"740",7.39,"m1",1,0,0.5,0.5377923,0,0,-0.006555885,0,0,-0.006555885
"741",7.4,"m1",1,0,0.5,0.5377169,0,0,-0.0073844,0,0,-0.0073844
"742",7.41,"m1",1,0,0.5,0.5376378,0,0,-0.00775092,0,0,-0.00775092
"743",7.42,"m1",1,0,0.5,0.5375509,0,0,-0.008519426,0,0,-0.008519426
"744",7.43,"m1",1,0,0.5,0.5374608,0,0,-0.00883089,0,0,-0.00883089
"745",7.44,"m1",1,0,0.5,0.5373635,0,0,-0.009534512,0,0,-0.009534512
"746",7.45,"m1",1,0,0.5,0.5372637,0,0,-0.009786325,0,0,-0.009786325
"747",7.46,"m1",1,0,0.5,0.5371574,0,0,-0.01042104,0,0,-0.01042104
"748",7.47,"m1",1,0,0.5,0.5370491,0,0,-0.01060943,0,0,-0.01060943
"749",7.48,"m1",1,0,0.5,0.5369351,0,0,-0.01117199,0,0,-0.01117199
"750",7.49,"m1",1,0,0.5,0.5368199,0,0,-0.01129398,0,0,-0.01129398
"751",7.5,"m1",1,0,0.5,0.5366997,0,0,-0.01178201,0,0,-0.01178201
"752",7.51,"m1",1,0,0.5,0.5365789,0,0,-0.01183555,0,0,-0.01183555
"753",7.52,"m1",1,0,0.5,0.5364539,0,0,-0.01224749,0,0,-0.01224749
"754",7.53,"m1",1,0,0.5,0.5363291,0,0,-0.01223131,0,0,-0.01223131
"755",7.54,"m1",1,0,0.5,0.5362009,0,0,-0.01256646,0,0,-0.01256646
"756",7.55,"m1",1,0,0.5,0.5360735,0,0,-0.01248019,0,0,-0.01248019
"757",7.56,"m1",1,0,0.5,0.5359435,0,0,-0.01273867,0,0,-0.01273867
"758",7.57,"m1",1,0,0.5,0.5358151,0,0,-0.01258274,0,0,-0.01258274
"759",7.58,"m1",1,0,0.5,0.5356849,0,0,-0.01276553,0,0,-0.01276553
"760",7.59,"m1",1,0,0.5,0.5355569,0,0,-0.01254118,0,0,-0.01254118
"761",7.6,"m1",1,0,0.5,0.5354278,0,0,-0.01265005,0,0,-0.01265005
"762",7.61,"m1",1,0,0.5,0.5353017,0,0,-0.01235927,0,0,-0.01235927
"763",7.62,"m1",1,0,0.5,0.5351752,0,0,-0.0123967,0,0,-0.0123967
"764",7.63,"m1",1,0,0.5,0.5350523,0,0,-0.01204227,0,0,-0.01204227
"765",7.64,"m1",1,0,0.5,0.5349298,0,0,-0.01201145,0,0,-0.01201145
"766",7.65,"m1",1,0,0.5,0.5348114,0,0,-0.0115968,0,0,-0.0115968
"767",7.66,"m1",1,0,0.5,0.5346941,0,0,-0.01150161,0,0,-0.01150161
"768",7.67,"m1",1,0,0.5,0.5345815,0,0,-0.0110308,0,0,-0.0110308
"769",7.68,"m1",1,0,0.5,0.5344706,0,0,-0.0108757,0,0,-0.0108757
"770",7.69,"m1",1,0,0.5,0.5343649,0,0,-0.01035336,0,0,-0.01035336
"771",7.7,"m1",1,0,0.5,0.5342614,0,0,-0.01014335,0,0,-0.01014335
"772",7.71,"m1",1,0,0.5,0.5341637,0,0,-0.009574591,0,0,-0.009574591
"773",7.72,"m1",1,0,0.5,0.5340686,0,0,-0.009315121,0,0,-0.009315121
"774",7.73,"m1",1,0,0.5,0.5339798,0,0,-0.008705523,0,0,-0.008705523
"775",7.74,"m1",1,0,0.5,0.5338941,0,0,-0.00840247,0,0,-0.00840247
"776",7.75,"m1",1,0,0.5,0.533815,0,0,-0.007757984,0,0,-0.007757984
"777",7.76,"m1",1,0,0.5,0.5337393,0,0,-0.007417534,0,0,-0.007417534
"778",7.77,"m1",1,0,0.5,0.5336704,0,0,-0.006744351,0,0,-0.006744351
"779",7.78,"m1",1,0,0.5,0.5336054,0,0,-0.006372908,0,0,-0.006372908
"780",7.79,"m1",1,0,0.5,0.5335475,0,0,-0.005677462,0,0,-0.005677462
"781",7.8,"m1",1,0,0.5,0.5334936,0,0,-0.005281643,0,0,-0.005281643
"782",7.81,"m1",1,0,0.5,0.533447,0,0,-0.004570498,0,0,-0.004570498
"783",7.82,"m1",1,0,0.5,0.5334045,0,0,-0.00415701,0,0,-0.00415701
"784",7.83,"m1",1,0,0.5,0.5333695,0,0,-0.003436779,0,0,-0.003436779
"785",7.84,"m1",1,0,0.5,0.5333387,0,0,-0.003012298,0,0,-0.003012298
"786",7.85,"m1",1,0,0.5,0.5333154,0,0,-0.002289584,0,0,-0.002289584
"787",7.86,"m1",1,0,0.5,0.5332963,0,0,-0.00186077,0,0,-0.00186077
"788",7.87,"m1",1,0,0.5,0.5332847,0,0,-0.001142064,0,0,-0.001142064
"789",7.88,"m1",1,0,0.5,0.5332774,0,0,-0.0007154058,0,0,-0.0007154058
"790",7.89,"m1",1,0,0.5,0.5332773,0,0,-7.087428e-06,0,0,-7.087428e-06
"791",7.9,"m1",1,0,0.5,0.5332815,0,0,0.0004110773,0,0,0.0004110773
"792",7.91,"m1",1,0,0.5,0.5332928,0,0,0.001102935,0,0,0.001102935
"793",7.92,"m1",1,0,0.5,0.5333081,0,0,0.001506556,0,0,0.001506556
"794",7.93,"m1",1,0,0.5,0.5333304,0,0,0.002176123,0,0,0.002176123
"795",7.94,"m1",1,0,0.5,0.5333565,0,0,0.002559455,0,0,0.002559455
"796",7.95,"m1",1,0,0.5,0.5333892,0,0,0.003201298,0,0,0.003201298
"797",7.96,"m1",1,0,0.5,0.5334255,0,0,0.003559028,0,0,0.003559028
"798",7.97,"m1",1,0,0.5,0.533468,0,0,0.004168088,0,0,0.004168088
"799",7.98,"m1",1,0,0.5,0.5335139,0,0,0.004495294,0,0,0.004495294
"800",7.99,"m1",1,0,0.5,0.5335656,0,0,0.005066971,0,0,0.005066971
"801",8,"m1",1,0,0.5,0.5336202,0,0,0.005359251,0,0,0.005359251
"802",8.01,"m1",1,0,0.5,0.5336803,0,0,0.005889482,0,0,0.005889482
"803",8.02,"m1",1,0,0.5,0.533743,0,0,0.006142907,0,0,0.006142907
"804",8.03,"m1",1,0,0.5,0.5338107,0,0,0.006628093,0,0,0.006628093
"805",8.04,"m1",1,0,0.5,0.5338805,0,0,0.006839292,0,0,0.006839292
"806",8.05,"m1",1,0,0.5,0.5339547,0,0,0.007276449,0,0,0.007276449
"807",8.059999,"m1",1,0,0.5,0.5340307,0,0,0.007442642,0,0,0.007442642
"808",8.07,"m1",1,0,0.5,0.5341105,0,0,0.007829349,0,0,0.007829349
"809",8.08,"m1",1,0,0.5,0.5341917,0,0,0.007948339,0,0,0.007948339
"810",8.09,"m1",1,0,0.5,0.5342762,0,0,0.008282768,0,0,0.008282768
"811",8.099999,"m1",1,0,0.5,0.5343614,0,0,0.00835296,0,0,0.00835296
"812",8.11,"m1",1,0,0.5,0.5344495,0,0,0.008633881,0,0,0.008633881
"813",8.12,"m1",1,0,0.5,0.5345379,0,0,0.008654281,0,0,0.008654281
"814",8.13,"m1",1,0,0.5,0.5346285,0,0,0.008881073,0,0,0.008881073
"815",8.139999,"m1",1,0,0.5,0.5347188,0,0,0.008851307,0,0,0.008851307
"816",8.15,"m1",1,0,0.5,0.5348108,0,0,0.009023965,0,0,0.009023965
"817",8.16,"m1",1,0,0.5,0.5349021,0,0,0.008944213,0,0,0.008944213
"818",8.17,"m1",1,0,0.5,0.5349946,0,0,0.009063297,0,0,0.009063297
"819",8.179999,"m1",1,0,0.5,0.5350858,0,0,0.008934335,0,0,0.008934335
"820",8.19,"m1",1,0,0.5,0.5351776,0,0,0.009000956,0,0,0.009000956
"821",8.2,"m1",1,0,0.5,0.5352677,0,0,0.008824131,0,0,0.008824131
"822",8.21,"m1",1,0,0.5,0.5353579,0,0,0.008839945,0,0,0.008839945
"823",8.22,"m1",1,0,0.5,0.5354458,0,0,0.008617139,0,0,0.008617139
"824",8.23,"m1",1,0,0.5,0.5355334,0,0,0.008584348,0,0,0.008584348
"825",8.24,"m1",1,0,0.5,0.5356183,0,0,0.008317871,0,0,0.008317871
"826",8.25,"m1",1,0,0.5,0.5357024,0,0,0.008239118,0,0,0.008239118
"827",8.26,"m1",1,0,0.5,0.5357834,0,0,0.007931774,0,0,0.007931774
"828",8.27,"m1",1,0,0.5,0.535863,0,0,0.007810153,0,0,0.007810153
"829",8.28,"m1",1,0,0.5,0.5359392,0,0,0.007465176,0,0,0.007465176
"830",8.29,"m1",1,0,0.5,0.5360137,0,0,0.007304159,0,0,0.007304159
"831",8.3,"m1",1,0,0.5,0.5360844,0,0,0.006925161,0,0,0.006925161
"832",8.309999,"m1",1,0,0.5,0.5361531,0,0,0.006728536,0,0,0.006728536
"833",8.32,"m1",1,0,0.5,0.5362176,0,0,0.006319415,0,0,0.006319415
"834",8.33,"m1",1,0,0.5,0.5362797,0,0,0.006091297,0,0,0.006091297
"835",8.34,"m1",1,0,0.5,0.5363374,0,0,0.00565622,0,0,0.00565622
"836",8.349999,"m1",1,0,0.5,0.5363926,0,0,0.005400963,0,0,0.005400963
"837",8.36,"m1",1,0,0.5,0.536443,0,0,0.004944314,0,0,0.004944314
"838",8.37,"m1",1,0,0.5,0.5364906,0,0,0.004666465,0,0,0.004666465
"839",8.38,"m1",1,0,0.5,0.5365334,0,0,0.004192801,0,0,0.004192801
"840",8.389999,"m1",1,0,0.5,0.5365732,0,0,0.003896998,0,0,0.003896998
"841",8.4,"m1",1,0,0.5,0.536608,0,0,0.003410969,0,0,0.003410969
"842",8.41,"m1",1,0,0.5,0.5366396,0,0,0.00310196,0,0,0.00310196
"843",8.42,"m1",1,0,0.5,0.5366663,0,0,0.002608279,0,0,0.002608279
"844",8.429999,"m1",1,0,0.5,0.5366896,0,0,0.002290818,0,0,0.002290818
"845",8.44,"m1",1,0,0.5,0.5367079,0,0,0.001794169,0,0,0.001794169
"846",8.45,"m1",1,0,0.5,0.536723,0,0,0.001473012,0,0,0.001473012
"847",8.46,"m1",1,0,0.5,0.5367329,0,0,0.0009780433,0,0,0.0009780433
"848",8.47,"m1",1,0,0.5,0.5367396,0,0,0.0006578349,0,0,0.0006578349
"849",8.48,"m1",1,0,0.5,0.5367414,0,0,0.0001690812,0,0,0.0001690812
"850",8.49,"m1",1,0,0.5,0.5367399,0,0,-0.0001456693,0,0,-0.0001456693
"851",8.5,"m1",1,0,0.5,0.5367335,0,0,-0.0006238418,0,0,-0.0006238418
"852",8.51,"m1",1,0,0.5,0.536724,0,0,-0.000928795,0,0,-0.000928795
"853",8.52,"m1",1,0,0.5,0.5367098,0,0,-0.001392191,0,0,-0.001392191
"854",8.53,"m1",1,0,0.5,0.5366927,0,0,-0.001683256,0,0,-0.001683256
"855",8.54,"m1",1,0,0.5,0.536671,0,0,-0.002127963,0,0,-0.002127963
"856",8.55,"m1",1,0,0.5,0.5366465,0,0,-0.00240129,0,0,-0.00240129
"857",8.559999,"m1",1,0,0.5,0.5366177,0,0,-0.002823638,0,0,-0.002823638
"858",8.57,"m1",1,0,0.5,0.5365863,0,0,-0.003075697,0,0,-0.003075697
"859",8.58,"m1",1,0,0.5,0.5365509,0,0,-0.003472348,0,0,-0.003472348
"860",8.59,"m1",1,0,0.5,0.5365131,0,0,-0.00369992,0,0,-0.00369992
"861",8.599999,"m1",1,0,0.5,0.5364717,0,0,-0.004067906,0,0,-0.004067906
"862",8.61,"m1",1,0,0.5,0.5364281,0,0,-0.004268142,0,0,-0.004268142
"863",8.62,"m1",1,0,0.5,0.5363811,0,0,-0.004604836,0,0,-0.004604836
"864",8.63,"m1",1,0,0.5,0.5363324,0,0,-0.004775282,0,0,-0.004775282
"865",8.639999,"m1",1,0,0.5,0.5362806,0,0,-0.005078451,0,0,-0.005078451
"866",8.65,"m1",1,0,0.5,0.5362273,0,0,-0.005217045,0,0,-0.005217045
"867",8.66,"m1",1,0,0.5,0.5361714,0,0,-0.005484924,0,0,-0.005484924
"868",8.67,"m1",1,0,0.5,0.5361143,0,0,-0.00559001,0,0,-0.00559001
"869",8.679999,"m1",1,0,0.5,0.5360549,0,0,-0.005821191,0,0,-0.005821191
"870",8.69,"m1",1,0,0.5,0.5359948,0,0,-0.005891546,0,0,-0.005891546
"871",8.7,"m1",1,0,0.5,0.5359327,0,0,-0.006085073,0,0,-0.006085073
"872",8.71,"m1",1,0,0.5,0.5358702,0,0,-0.006119903,0,0,-0.006119903
"873",8.72,"m1",1,0,0.5,0.5358062,0,0,-0.00627526,0,0,-0.00627526
"874",8.73,"m1",1,0,0.5,0.5357422,0,0,-0.006274228,0,0,-0.006274228
"875",8.74,"m1",1,0,0.5,0.535677,0,0,-0.006391314,0,0,-0.006391314
"876",8.75,"m1",1,0,0.5,0.5356121,0,0,-0.006354494,0,0,-0.006354494
"877",8.76,"m1",1,0,0.5,0.5355465,0,0,-0.006433629,0,0,-0.006433629
"878",8.77,"m1",1,0,0.5,0.5354816,0,0,-0.006361496,0,0,-0.006361496
"879",8.78,"m1",1,0,0.5,0.5354162,0,0,-0.006403401,0,0,-0.006403401
"880",8.79,"m1",1,0,0.5,0.535352,0,0,-0.00629684,0,0,-0.00629684
"881",8.8,"m1",1,0,0.5,0.5352877,0,0,-0.006302603,0,0,-0.006302603
"882",8.809999,"m1",1,0,0.5,0.5352248,0,0,-0.006162847,0,0,-0.006162847
"883",8.82,"m1",1,0,0.5,0.5351622,0,0,-0.006133973,0,0,-0.006133973
"884",8.83,"m1",1,0,0.5,0.5351014,0,0,-0.005962634,0,0,-0.005962634
"885",8.84,"m1",1,0,0.5,0.5350412,0,0,-0.005900921,0,0,-0.005900921
"886",8.849999,"m1",1,0,0.5,0.534983,0,0,-0.005699939,0,0,-0.005699939
"887",8.86,"m1",1,0,0.5,0.5349258,0,0,-0.005607516,0,0,-0.005607516
"888",8.87,"m1",1,0,0.5,0.5348709,0,0,-0.005379113,0,0,-0.005379113
"889",8.88,"m1",1,0,0.5,0.5348172,0,0,-0.005258386,0,0,-0.005258386
"890",8.889999,"m1",1,0,0.5,0.5347661,0,0,-0.005005102,0,0,-0.005005102
"891",8.9,"m1",1,0,0.5,0.5347165,0,0,-0.00485873,0,0,-0.00485873
"892",8.91,"m1",1,0,0.5,0.5346698,0,0,-0.004583278,0,0,-0.004583278
"893",8.92,"m1",1,0,0.5,0.5346247,0,0,-0.00441413,0,0,-0.00441413
"894",8.929999,"m1",1,0,0.5,0.5345827,0,0,-0.004119447,0,0,-0.004119447
"895",8.94,"m1",1,0,0.5,0.5345426,0,0,-0.003930595,0,0,-0.003930595
"896",8.95,"m1",1,0,0.5,0.5345056,0,0,-0.003619785,0,0,-0.003619785
"897",8.96,"m1",1,0,0.5,0.5344707,0,0,-0.003414401,0,0,-0.003414401
"898",8.97,"m1",1,0,0.5,0.5344392,0,0,-0.003090664,0,0,-0.003090664
"899",8.98,"m1",1,0,0.5,0.5344099,0,0,-0.002872057,0,0,-0.002872057
"900",8.99,"m1",1,0,0.5,0.534384,0,0,-0.002538692,0,0,-0.002538692
"901",9,"m1",1,0,0.5,0.5343603,0,0,-0.002310226,0,0,-0.002310226
"902",9.01,"m1",1,0,0.5,0.5343403,0,0,-0.001970565,0,0,-0.001970565
"903",9.02,"m1",1,0,0.5,0.5343226,0,0,-0.001735638,0,0,-0.001735638
"904",9.03,"m1",1,0,0.5,0.5343084,0,0,-0.001393048,0,0,-0.001393048
"905",9.04,"m1",1,0,0.5,0.5342966,0,0,-0.00115503,0,0,-0.00115503
"906",9.05,"m1",1,0,0.5,0.5342883,0,0,-0.0008128103,0,0,-0.0008128103
"907",9.059999,"m1",1,0,0.5,0.5342824,0,0,-0.000575003,0,0,-0.000575003
"908",9.07,"m1",1,0,0.5,0.5342801,0,0,-0.0002364081,0,0,-0.0002364081
"909",9.08,"m1",1,0,0.5,0.5342801,0,0,-2.048547e-06,0,0,-2.048547e-06
"910",9.09,"m1",1,0,0.5,0.5342834,0,0,0.0003297745,0,0,0.0003297745
"911",9.099999,"m1",1,0,0.5,0.5342891,0,0,0.000557615,0,0,0.000557615
"912",9.11,"m1",1,0,0.5,0.5342981,0,0,0.0008796824,0,0,0.0008796824
"913",9.12,"m1",1,0,0.5,0.5343093,0,0,0.001098034,0,0,0.001098034
"914",9.13,"m1",1,0,0.5,0.5343236,0,0,0.001407501,0,0,0.001407501
"915",9.139999,"m1",1,0,0.5,0.5343401,0,0,0.001613595,0,0,0.001613595
"916",9.15,"m1",1,0,0.5,0.5343596,0,0,0.001907835,0,0,0.001907835
"917",9.16,"m1",1,0,0.5,0.534381,0,0,0.002099099,0,0,0.002099099
"918",9.17,"m1",1,0,0.5,0.5344052,0,0,0.002375718,0,0,0.002375718
"919",9.179999,"m1",1,0,0.5,0.5344313,0,0,0.002549831,0,0,0.002549831
"920",9.19,"m1",1,0,0.5,0.5344599,0,0,0.002806607,0,0,0.002806607
"921",9.2,"m1",1,0,0.5,0.5344901,0,0,0.002961518,0,0,0.002961518
"922",9.21,"m1",1,0,0.5,0.5345227,0,0,0.003196571,0,0,0.003196571
"923",9.22,"m1",1,0,0.5,0.5345567,0,0,0.003330471,0,0,0.003330471
"924",9.23,"m1",1,0,0.5,0.5345928,0,0,0.003542163,0,0,0.003542163
"925",9.24,"m1",1,0,0.5,0.5346301,0,0,0.003653538,0,0,0.003653538
"926",9.25,"m1",1,0,0.5,0.5346692,0,0,0.003840546,0,0,0.003840546
"927",9.26,"m1",1,0,0.5,0.5347093,0,0,0.003928177,0,0,0.003928177
"928",9.27,"m1",1,0,0.5,0.534751,0,0,0.004089462,0,0,0.004089462
"929",9.28,"m1",1,0,0.5,0.5347934,0,0,0.004152414,0,0,0.004152414
"930",9.29,"m1",1,0,0.5,0.5348371,0,0,0.004287205,0,0,0.004287205
"931",9.3,"m1",1,0,0.5,0.5348812,0,0,0.004324865,0,0,0.004324865
"932",9.309999,"m1",1,0,0.5,0.5349265,0,0,0.004432744,0,0,0.004432744
"933",9.32,"m1",1,0,0.5,0.5349718,0,0,0.004444793,0,0,0.004444793
"934",9.33,"m1",1,0,0.5,0.535018,0,0,0.004525614,0,0,0.004525614
"935",9.34,"m1",1,0,0.5,0.535064,0,0,0.004512041,0,0,0.004512041
"936",9.349999,"m1",1,0,0.5,0.5351107,0,0,0.004565984,0,0,0.004565984
"937",9.36,"m1",1,0,0.5,0.5351568,0,0,0.004527079,0,0,0.004527079
"938",9.37,"m1",1,0,0.5,0.5352033,0,0,0.00455456,0,0,0.00455456
"939",9.38,"m1",1,0,0.5,0.5352492,0,0,0.004490911,0,0,0.004490911
"940",9.389999,"m1",1,0,0.5,0.535295,0,0,0.004492661,0,0,0.004492661
"941",9.4,"m1",1,0,0.5,0.53534,0,0,0.004405104,0,0,0.004405104
"942",9.41,"m1",1,0,0.5,0.5353847,0,0,0.004382142,0,0,0.004382142
"943",9.42,"m1",1,0,0.5,0.5354282,0,0,0.004271779,0,0,0.004271779
"944",9.429999,"m1",1,0,0.5,0.5354713,0,0,0.004225363,0,0,0.004225363
"945",9.44,"m1",1,0,0.5,0.5355131,0,0,0.004093535,0,0,0.004093535
"946",9.45,"m1",1,0,0.5,0.5355542,0,0,0.0040251,0,0,0.0040251
"947",9.46,"m1",1,0,0.5,0.5355937,0,0,0.003873345,0,0,0.003873345
"948",9.469999,"m1",1,0,0.5,0.5356323,0,0,0.003784581,0,0,0.003784581
"949",9.48,"m1",1,0,0.5,0.5356692,0,0,0.003614645,0,0,0.003614645
"950",9.49,"m1",1,0,0.5,0.535705,0,0,0.003507387,0,0,0.003507387
"951",9.5,"m1",1,0,0.5,0.5357389,0,0,0.003321205,0,0,0.003321205
"952",9.51,"m1",1,0,0.5,0.5357715,0,0,0.003197472,0,0,0.003197472
"953",9.52,"m1",1,0,0.5,0.5358021,0,0,0.0029971,0,0,0.0029971
"954",9.53,"m1",1,0,0.5,0.5358312,0,0,0.002859053,0,0,0.002859053
"955",9.54,"m1",1,0,0.5,0.5358582,0,0,0.002646687,0,0,0.002646687
"956",9.55,"m1",1,0,0.5,0.5358837,0,0,0.002496566,0,0,0.002496566
"957",9.559999,"m1",1,0,0.5,0.5359069,0,0,0.002274477,0,0,0.002274477
"958",9.57,"m1",1,0,0.5,0.5359284,0,0,0.002114618,0,0,0.002114618
"959",9.58,"m1",1,0,0.5,0.5359477,0,0,0.001885115,0,0,0.001885115
"960",9.59,"m1",1,0,0.5,0.5359652,0,0,0.001717886,0,0,0.001717886
"961",9.599999,"m1",1,0,0.5,0.5359803,0,0,0.001483351,0,0,0.001483351
"962",9.61,"m1",1,0,0.5,0.5359937,0,0,0.001311153,0,0,0.001311153
"963",9.62,"m1",1,0,0.5,0.5360047,0,0,0.001073962,0,0,0.001073962
"964",9.63,"m1",1,0,0.5,0.5360138,0,0,0.0008991894,0,0,0.0008991894
"965",9.639999,"m1",1,0,0.5,0.5360206,0,0,0.0006617102,0,0,0.0006617102
"966",9.65,"m1",1,0,0.5,0.5360255,0,0,0.0004867293,0,0,0.0004867293
"967",9.66,"m1",1,0,0.5,0.5360281,0,0,0.0002512824,0,0,0.0002512824
"968",9.67,"m1",1,0,0.5,0.5360289,0,0,7.839216e-05,0,0,7.839216e-05
"969",9.679999,"m1",1,0,0.5,0.5360273,0,0,-0.0001527688,0,0,-0.0001527688
"970",9.69,"m1",1,0,0.5,0.536024,0,0,-0.0003213554,0,0,-0.0003213554
"971",9.7,"m1",1,0,0.5,0.5360185,0,0,-0.0005460823,0,0,-0.0005460823
"972",9.71,"m1",1,0,0.5,0.5360113,0,0,-0.0007082573,0,0,-0.0007082573
"973",9.719999,"m1",1,0,0.5,0.5360019,0,0,-0.0009245247,0,0,-0.0009245247
"974",9.73,"m1",1,0,0.5,0.5359908,0,0,-0.001078283,0,0,-0.001078283
"975",9.74,"m1",1,0,0.5,0.5359777,0,0,-0.001284167,0,0,-0.001284167
"976",9.75,"m1",1,0,0.5,0.5359632,0,0,-0.001427663,0,0,-0.001427663
"977",9.76,"m1",1,0,0.5,0.5359466,0,0,-0.001621438,0,0,-0.001621438
"978",9.77,"m1",1,0,0.5,0.5359287,0,0,-0.001752966,0,0,-0.001752966
"979",9.78,"m1",1,0,0.5,0.535909,0,0,-0.001933043,0,0,-0.001933043
"980",9.79,"m1",1,0,0.5,0.5358881,0,0,-0.00205111,0,0,-0.00205111
"981",9.8,"m1",1,0,0.5,0.5358655,0,0,-0.002216093,0,0,-0.002216093
"982",9.809999,"m1",1,0,0.5,0.5358418,0,0,-0.00231938,0,0,-0.00231938
"983",9.82,"m1",1,0,0.5,0.5358166,0,0,-0.002468079,0,0,-0.002468079
"984",9.83,"m1",1,0,0.5,0.5357906,0,0,-0.002555453,0,0,-0.002555453
"985",9.84,"m1",1,0,0.5,0.5357631,0,0,-0.002686866,0,0,-0.002686866
"986",9.849999,"m1",1,0,0.5,0.535735,0,0,-0.002757436,0,0,-0.002757436
"987",9.86,"m1",1,0,0.5,0.5357057,0,0,-0.002870763,0,0,-0.002870763
"988",9.87,"m1",1,0,0.5,0.5356759,0,0,-0.002923858,0,0,-0.002923858
"989",9.88,"m1",1,0,0.5,0.5356451,0,0,-0.003018513,0,0,-0.003018513
"990",9.889999,"m1",1,0,0.5,0.5356139,0,0,-0.003053618,0,0,-0.003053618
"991",9.9,"m1",1,0,0.5,0.5355819,0,0,-0.003129252,0,0,-0.003129252
"992",9.91,"m1",1,0,0.5,0.5355498,0,0,-0.003146122,0,0,-0.003146122
"993",9.92,"m1",1,0,0.5,0.5355172,0,0,-0.003202591,0,0,-0.003202591
"994",9.929999,"m1",1,0,0.5,0.5354845,0,0,-0.003201188,0,0,-0.003201188
"995",9.94,"m1",1,0,0.5,0.5354515,0,0,-0.003238593,0,0,-0.003238593
"996",9.95,"m1",1,0,0.5,0.5354186,0,0,-0.003219082,0,0,-0.003219082
"997",9.96,"m1",1,0,0.5,0.5353856,0,0,-0.003237704,0,0,-0.003237704
"998",9.969999,"m1",1,0,0.5,0.5353529,0,0,-0.003200447,0,0,-0.003200447
"999",9.98,"m1",1,0,0.5,0.5353203,0,0,-0.003200742,0,0,-0.003200742
"1000",9.99,"m1",1,0,0.5,0.5352882,0,0,-0.003146296,0,0,-0.003146296
"1001",10,"m1",1,0,0.5,0.5352562,0,0,-0.003128933,0,0,-0.003128933
"1002",10.01,"m1",1,0,0.5,0.535225,0,0,-0.003058042,0,0,-0.003058042
"1003",10.02,"m1",1,0,0.5,0.5351941,0,0,-0.003023877,0,0,-0.003023877
"1004",10.03,"m1",1,0,0.5,0.5351641,0,0,-0.002937436,0,0,-0.002937436
"1005",10.04,"m1",1,0,0.5,0.5351347,0,0,-0.002887489,0,0,-0.002887489
"1006",10.05,"m1",1,0,0.5,0.5351062,0,0,-0.002786613,0,0,-0.002786613
"1007",10.06,"m1",1,0,0.5,0.5350785,0,0,-0.002722045,0,0,-0.002722045
"1008",10.07,"m1",1,0,0.5,0.5350519,0,0,-0.002607929,0,0,-0.002607929
"1009",10.08,"m1",1,0,0.5,0.5350261,0,0,-0.002530059,0,0,-0.002530059
"1010",10.09,"m1",1,0,0.5,0.5350015,0,0,-0.002404036,0,0,-0.002404036
"1011",10.1,"m1",1,0,0.5,0.5349779,0,0,-0.002314237,0,0,-0.002314237
"1012",10.11,"m1",1,0,0.5,0.5349557,0,0,-0.002177771,0,0,-0.002177771
"1013",10.12,"m1",1,0,0.5,0.5349345,0,0,-0.002077569,0,0,-0.002077569
"1014",10.13,"m1",1,0,0.5,0.5349147,0,0,-0.001932178,0,0,-0.001932178
"1015",10.14,"m1",1,0,0.5,0.5348961,0,0,-0.001823132,0,0,-0.001823132
"1016",10.15,"m1",1,0,0.5,0.5348791,0,0,-0.001670443,0,0,-0.001670443
"1017",10.16,"m1",1,0,0.5,0.5348632,0,0,-0.001554218,0,0,-0.001554218
"1018",10.17,"m1",1,0,0.5,0.534849,0,0,-0.001395868,0,0,-0.001395868
"1019",10.18,"m1",1,0,0.5,0.534836,0,0,-0.001274156,0,0,-0.001274156
"1020",10.19,"m1",1,0,0.5,0.5348247,0,0,-0.001111828,0,0,-0.001111828
"1021",10.2,"m1",1,0,0.5,0.5348146,0,0,-0.0009863303,0,0,-0.0009863303
"1022",10.21,"m1",1,0,0.5,0.5348062,0,0,-0.0008217135,0,0,-0.0008217135
"1023",10.22,"m1",1,0,0.5,0.5347991,0,0,-0.0006941162,0,0,-0.0006941162
"1024",10.23,"m1",1,0,0.5,0.5347937,0,0,-0.0005288874,0,0,-0.0005288874
"1025",10.24,"m1",1,0,0.5,0.5347896,0,0,-0.000400863,0,0,-0.000400863
"1026",10.25,"m1",1,0,0.5,0.5347871,0,0,-0.0002366841,0,0,-0.0002366841
"1027",10.26,"m1",1,0,0.5,0.534786,0,0,-0.000109872,0,0,-0.000109872
"1028",10.27,"m1",1,0,0.5,0.5347865,0,0,5.16285e-05,0,0,5.16285e-05
"1029",10.28,"m1",1,0,0.5,0.5347883,0,0,0.0001756217,0,0,0.0001756217
"1030",10.29,"m1",1,0,0.5,0.5347917,0,0,0.0003329061,0,0,0.0003329061
"1031",10.3,"m1",1,0,0.5,0.5347963,0,0,0.0004525479,0,0,0.0004525479
"1032",10.31,"m1",1,0,0.5,0.5348024,0,0,0.0006041703,0,0,0.0006041703
"1033",10.32,"m1",1,0,0.5,0.5348098,0,0,0.000718057,0,0,0.000718057
"1034",10.33,"m1",1,0,0.5,0.5348186,0,0,0.0008626211,0,0,0.0008626211
"1035",10.34,"m1",1,0,0.5,0.5348285,0,0,0.0009693795,0,0,0.0009693795
"1036",10.35,"m1",1,0,0.5,0.5348397,0,0,0.001105618,0,0,0.001105618
"1037",10.36,"m1",1,0,0.5,0.534852,0,0,0.001204061,0,0,0.001204061
"1038",10.37,"m1",1,0,0.5,0.5348656,0,0,0.001330812,0,0,0.001330812
"1039",10.38,"m1",1,0,0.5,0.5348801,0,0,0.001419838,0,0,0.001419838
"1040",10.39,"m1",1,0,0.5,0.5348958,0,0,0.001536084,0,0,0.001536084
"1041",10.4,"m1",1,0,0.5,0.5349122,0,0,0.001614734,0,0,0.001614734
"1042",10.41,"m1",1,0,0.5,0.5349298,0,0,0.001719618,0,0,0.001719618
"1043",10.42,"m1",1,0,0.5,0.534948,0,0,0.001787072,0,0,0.001787072
"1044",10.43,"m1",1,0,0.5,0.5349672,0,0,0.001879835,0,0,0.001879835
"1045",10.44,"m1",1,0,0.5,0.5349869,0,0,0.001935393,0,0,0.001935393
"1046",10.45,"m1",1,0,0.5,0.5350075,0,0,0.002015471,0,0,0.002015471
"1047",10.46,"m1",1,0,0.5,0.5350285,0,0,0.002058626,0,0,0.002058626
"1048",10.47,"m1",1,0,0.5,0.5350502,0,0,0.002125569,0,0,0.002125569
"1049",10.48,"m1",1,0,0.5,0.5350721,0,0,0.002155964,0,0,0.002155964
"1050",10.49,"m1",1,0,0.5,0.5350947,0,0,0.002209472,0,0,0.002209472
"1051",10.5,"m1",1,0,0.5,0.5351174,0,0,0.002226899,0,0,0.002226899
"1052",10.51,"m1",1,0,0.5,0.5351405,0,0,0.002266858,0,0,0.002266858
"1053",10.52,"m1",1,0,0.5,0.5351637,0,0,0.002271234,0,0,0.002271234
"1054",10.53,"m1",1,0,0.5,0.5351871,0,0,0.002297653,0,0,0.002297653
"1055",10.54,"m1",1,0,0.5,0.5352105,0,0,0.00228908,0,0,0.00228908
"1056",10.55,"m1",1,0,0.5,0.535234,0,0,0.002302147,0,0,0.002302147
"1057",10.56,"m1",1,0,0.5,0.5352572,0,0,0.002280844,0,0,0.002280844
"1058",10.57,"m1",1,0,0.5,0.5352805,0,0,0.002280888,0,0,0.002280888
"1059",10.58,"m1",1,0,0.5,0.5353034,0,0,0.002247229,0,0,0.002247229
"1060",10.59,"m1",1,0,0.5,0.5353262,0,0,0.002234672,0,0,0.002234672
"1061",10.6,"m1",1,0,0.5,0.5353486,0,0,0.002189147,0,0,0.002189147
"1062",10.61,"m1",1,0,0.5,0.5353707,0,0,0.002164562,0,0,0.002164562
"1063",10.62,"m1",1,0,0.5,0.5353922,0,0,0.002107809,0,0,0.002107809
"1064",10.63,"m1",1,0,0.5,0.5354134,0,0,0.002071901,0,0,0.002071901
"1065",10.64,"m1",1,0,0.5,0.5354338,0,0,0.002004668,0,0,0.002004668
"1066",10.65,"m1",1,0,0.5,0.5354538,0,0,0.001958246,0,0,0.001958246
"1067",10.66,"m1",1,0,0.5,0.535473,0,0,0.001881388,0,0,0.001881388
"1068",10.67,"m1",1,0,0.5,0.5354916,0,0,0.001825348,0,0,0.001825348
"1069",10.68,"m1",1,0,0.5,0.5355093,0,0,0.001739821,0,0,0.001739821
"1070",10.69,"m1",1,0,0.5,0.5355265,0,0,0.001675139,0,0,0.001675139
"1071",10.7,"m1",1,0,0.5,0.5355426,0,0,0.001581924,0,0,0.001581924
"1072",10.71,"m1",1,0,0.5,0.535558,0,0,0.001509678,0,0,0.001509678
"1073",10.72,"m1",1,0,0.5,0.5355724,0,0,0.001409873,0,0,0.001409873
"1074",10.73,"m1",1,0,0.5,0.5355859,0,0,0.001331182,0,0,0.001331182
"1075",10.74,"m1",1,0,0.5,0.5355985,0,0,0.001225906,0,0,0.001225906
"1076",10.75,"m1",1,0,0.5,0.5356101,0,0,0.001141924,0,0,0.001141924
"1077",10.76,"m1",1,0,0.5,0.5356206,0,0,0.001032372,0,0,0.001032372
"1078",10.77,"m1",1,0,0.5,0.5356303,0,0,0.0009442728,0,0,0.0009442728
"1079",10.78,"m1",1,0,0.5,0.5356387,0,0,0.000831599,0,0,0.000831599
"1080",10.79,"m1",1,0,0.5,0.5356463,0,0,0.0007406122,0,0,0.0007406122
"1081",10.8,"m1",1,0,0.5,0.5356527,0,0,0.0006260445,0,0,0.0006260445
"1082",10.81,"m1",1,0,0.5,0.5356581,0,0,0.000533375,0,0,0.000533375
"1083",10.82,"m1",1,0,0.5,0.5356624,0,0,0.0004181196,0,0,0.0004181196
"1084",10.83,"m1",1,0,0.5,0.5356658,0,0,0.0003249483,0,0,0.0003249483
"1085",10.84,"m1",1,0,0.5,0.5356679,0,0,0.0002101662,0,0,0.0002101662
"1086",10.85,"m1",1,0,0.5,0.5356691,0,0,0.0001176714,0,0,0.0001176714
"1087",10.86,"m1",1,0,0.5,0.5356691,0,0,4.540007e-06,0,0,4.540007e-06
"1088",10.87,"m1",1,0,0.5,0.5356683,0,0,-8.614462e-05,0,0,-8.614462e-05
"1089",10.88,"m1",1,0,0.5,0.5356662,0,0,-0.0001965297,0,0,-0.0001965297
"1090",10.89,"m1",1,0,0.5,0.5356633,0,0,-0.0002842745,0,0,-0.0002842745
"1091",10.9,"m1",1,0,0.5,0.5356593,0,0,-0.0003908606,0,0,-0.0003908606
"1092",10.91,"m1",1,0,0.5,0.5356545,0,0,-0.0004746565,0,0,-0.0004746565
"1093",10.92,"m1",1,0,0.5,0.5356486,0,0,-0.0005764544,0,0,-0.0005764544
"1094",10.93,"m1",1,0,0.5,0.5356419,0,0,-0.0006553336,0,0,-0.0006553336
"1095",10.94,"m1",1,0,0.5,0.5356342,0,0,-0.0007514319,0,0,-0.0007514319
"1096",10.95,"m1",1,0,0.5,0.5356258,0,0,-0.0008245068,0,0,-0.0008245068
"1097",10.96,"m1",1,0,0.5,0.5356165,0,0,-0.0009140732,0,0,-0.0009140732
"1098",10.97,"m1",1,0,0.5,0.5356065,0,0,-0.0009805744,0,0,-0.0009805744
"1099",10.98,"m1",1,0,0.5,0.5355957,0,0,-0.001062854,0,0,-0.001062854
"1100",10.99,"m1",1,0,0.5,0.5355842,0,0,-0.001122067,0,0,-0.001122067
"1101",11,"m1",1,0,0.5,0.535572,0,0,-0.001196421,0,0,-0.001196421
"1102",11.01,"m1",1,0,0.5,0.5355592,0,0,-0.001247727,0,0,-0.001247727
"1103",11.02,"m1",1,0,0.5,0.5355458,0,0,-0.001313589,0,0,-0.001313589
"1104",11.03,"m1",1,0,0.5,0.535532,0,0,-0.001356502,0,0,-0.001356502
"1105",11.04,"m1",1,0,0.5,0.5355176,0,0,-0.001413458,0,0,-0.001413458
"1106",11.05,"m1",1,0,0.5,0.5355028,0,0,-0.001447583,0,0,-0.001447583
"1107",11.06,"m1",1,0,0.5,0.5354875,0,0,-0.001495287,0,0,-0.001495287
"1108",11.07,"m1",1,0,0.5,0.535472,0,0,-0.001520356,0,0,-0.001520356
"1109",11.08,"m1",1,0,0.5,0.5354561,0,0,-0.001558591,0,0,-0.001558591
"1110",11.09,"m1",1,0,0.5,0.53544,0,0,-0.001574423,0,0,-0.001574423
"1111",11.1,"m1",1,0,0.5,0.5354237,0,0,-0.001603038,0,0,-0.001603038
"1112",11.11,"m1",1,0,0.5,0.5354072,0,0,-0.001609595,0,0,-0.001609595
"1113",11.12,"m1",1,0,0.5,0.5353906,0,0,-0.0016286,0,0,-0.0016286
"1114",11.13,"m1",1,0,0.5,0.535374,0,0,-0.001625887,0,0,-0.001625887
"1115",11.14,"m1",1,0,0.5,0.5353574,0,0,-0.001635415,0,0,-0.001635415
"1116",11.15,"m1",1,0,0.5,0.5353408,0,0,-0.001623597,0,0,-0.001623597
"1117",11.16,"m1",1,0,0.5,0.5353242,0,0,-0.001623836,0,0,-0.001623836
